timestamp,merchant,description,amount,source,category,labeled
2025-08-23 20:17:06,荣康倍儿爽共享按摩椅,LP-首都机场2020.01.04（公司收款）-B00292,30.0,wechat,Health & Wellness,True
2025-08-25 07:21:39,滴滴出行,滴滴快车打车-乐师傅-08月25日行程,16.0,wechat,Transportation,True
2025-08-25 08:51:24,上海纽约大学,Campus Card Top Up,100.0,wechat,Other,True
2025-08-25 22:01:18,上海公共交通卡股份有限公司,上海地铁-东方体育中心-2025-08-25 18:57:58-金沙江路-2025-08-25 20:01:14,4.0,alipay,???,True
2025-08-26 07:55:30,滴滴出行,滴滴打车-陈师傅,12.0,wechat,Transportation,True
2025-08-26 09:21:55,上海蕤盛工贸,上海蕤盛工贸有限公司-订单编号202508266223311616982419429,5.0,wechat,,False
2025-08-26 16:53:06,淘宝平台商户,/,29.99,wechat,Shopping,True
2025-08-26 17:16:36,滴滴出行,滴滴快车打车-刘师傅-08月26日行程,9.5,wechat,Transportation,True
2025-08-26 18:48:16,滴滴出行,滴滴快车打车-夏师傅-08月26日行程,12.98,wechat,Transportation,True
2025-08-26 22:05:57,喜士多,济明门市-pos1,4.0,wechat,Groceries,True
2025-08-27 11:49:29,上海纽约大学,POS机扫微信二维码消费,28.0,wechat,Other,True
2025-08-27 18:11:17,麦当劳,上海金拱门食品有限公司,41.0,wechat,Eating Out,True
2025-08-28 08:28:45,上海国际旅行卫生保健中心,上海国际旅行卫生保健中心-消费,524.0,wechat,,False
2025-08-28 10:40:18,上海纽约大学,POS机扫微信二维码消费,5.0,wechat,Other,True
2025-08-28 11:03:00,上海纽约大学,POS机扫微信二维码消费,5.0,wechat,Other,True
2025-08-28 11:27:39,上海纽约大学,POS机扫微信二维码消费,28.0,wechat,Other,True
2025-08-28 15:53:55,滴滴出行,滴滴快车打车-姚师傅-08月28日行程,6.5,alipay,Transportation,True
2025-08-28 16:10:17,荟选集市后滩店,条码支付-后滩店-M2403506000505022508280296883,41.73,wechat,Groceries,True
2025-08-28 21:36:33,荟选集市后滩店,条码支付-后滩店-M2403506000505022508280850311,5.5,wechat,Groceries,True
2025-08-29 10:51:32,全家,上海全家便利店,21.3,wechat,Groceries,True
2025-08-29 11:44:07,上海都畅数字技术有限公司,东方体育中心-耀华路,2.32,alipay,Transportation,True
2025-08-29 12:09:19,滴滴出行,滴滴快车打车-姜师傅-08月29日行程,9.5,alipay,Transportation,True
2025-08-29 12:15:17,上海纽约大学,POS机扫微信二维码消费,28.0,wechat,Other,True
2025-08-29 18:33:45,无印良品MUJI,无印良品MUJI-前滩太古里-POS1,32.0,wechat,Shopping,True
2025-08-29 19:46:35,滴滴出行,特惠快车打车-王师傅-08月29日行程,14.6,wechat,Transportation,True
2025-08-29 20:15:37,美团平台商户,【TACO BELL·芝士卷饼·塔可(海阳西路店)】TAC…-美团微信小程序-25082911100300001305848590198535,57.65,wechat,Eating Out,True
2025-08-30 14:40:37,喜士多(高青西店),高青西门市-pos1,5.5,wechat,Groceries,True
2025-08-31 11:34:15,上海都畅数字技术有限公司,后滩-交通大学,3.32,alipay,Transportation,True
2025-08-31 13:11:59,13DE MARZO CAFÉ,堂食-13DE MARZO CAFÉ 上海安福路店,29.0,wechat,Eating Out,True
2025-08-31 14:09:07,上海都畅数字技术有限公司,上海图书馆-南京东路,3.0,alipay,Transportation,True
2025-08-31 14:20:30,杂物社,商品,10.0,wechat,,False
2025-08-31 16:39:00,萨莉亚,订餐,179.0,wechat,Eating Out,True
2025-08-31 17:08:36,萨莉亚,萨莉亚,1.0,wechat,Eating Out,True
2025-08-31 18:38:23,无印良品MUJI,无印良品MUJI-上海南京东路悦荟-POS1,78.0,wechat,Shopping,True
2025-08-31 20:27:31,上海谱墨品牌管理有限公司,15824209263(上海第一百货WM),239.0,wechat,Shopping,True
2025-08-31 21:11:51,上海都畅数字技术有限公司,人民广场-豫园,3.0,alipay,Transportation,True
2025-08-31 23:24:48,上海都畅数字技术有限公司,豫园-后滩,4.0,alipay,Transportation,True
2025-09-02 11:34:43,上海纽约大学,POS机扫微信二维码消费,28.0,wechat,Other,True
2025-09-02 12:23:50,喜士多(高青西店),高青西门市-pos1,5.5,wechat,Groceries,True
2025-09-03 12:32:04,上海纽约大学,POS机扫微信二维码消费,5.0,wechat,Other,True
2025-09-03 14:54:09,麦当劳,上海金拱门食品有限公司,15.9,wechat,Eating Out,True
2025-09-03 15:35:24,沪浙7-ELEVEN,7-ELEVEn上海信德消费,5.5,wechat,Groceries,True
2025-09-03 19:48:31,达美乐,Dominos1280494595359670272_95526,54.6,wechat,,False
2025-09-03 21:53:10,荟选集市后滩店,条码支付-后滩店-M2403506000505022509030829237,9.5,wechat,Groceries,True
2025-09-04 16:33:24,美淑家·韩国料理·石锅拌饭,美团收银909700204036625639,38.0,wechat,,False
2025-09-04 17:20:24,沪浙7-ELEVEN,7-ELEVEn上海信德消费,3.8,wechat,Groceries,True
2025-09-04 22:35:09,喜士多,济明门市-pos1,3.85,wechat,Groceries,True
2025-09-05 13:09:50,上海都畅数字技术有限公司,东方体育中心-迎春路,4.0,alipay,Transportation,True
2025-09-05 14:24:35,SUBWAY,6英寸黑胡椒厚切牛排三明治,32.0,wechat,Eating Out,True
2025-09-05 15:20:53,全家,上海全家便利店,4.0,wechat,Groceries,True
2025-09-05 15:27:28,上海都畅数字技术有限公司,杨高中路-徐家汇,4.0,alipay,Transportation,True
2025-09-05 16:50:24,无印良品MUJI,无印良品MUJI-上海美罗城-POS1,47.0,wechat,Shopping,True
2025-09-05 18:17:01,上海都畅数字技术有限公司,徐家汇-后滩,3.0,alipay,Transportation,True
2025-09-05 18:19:29,哈啰出行,哈啰单车骑行,1.5,alipay,Transportation,True
2025-09-05 18:58:37,荟选集市后滩店,条码支付-后滩店-M2403506000505022509050606000,35.1,wechat,Groceries,True
2025-09-05 22:01:53,荟选集市后滩店,条码支付-后滩店-M2403506000505022509050920347,12.8,wechat,Groceries,True
2025-09-06 00:53:47,全家,上海全家便利店,34.0,wechat,Groceries,True
2025-09-06 01:04:48,全家,上海全家便利店,7.7,wechat,Groceries,True
2025-09-06 06:58:42,哈啰出行,哈啰单车骑行,2.5,alipay,Transportation,True
2025-09-06 07:04:34,麦当劳,上海新彤投资管理有限公司,14.0,wechat,Eating Out,True
2025-09-06 07:31:07,哈啰出行,哈啰单车骑行,1.5,alipay,Transportation,True
2025-09-06 07:57:48,上海都畅数字技术有限公司,云台路-后滩,3.0,alipay,Transportation,True
2025-09-06 16:32:03,荟选集市后滩店,条码支付-后滩店-M2403506000505022509060473400,19.76,wechat,Groceries,True
2025-09-06 19:40:50,荟选集市后滩店,条码支付-后滩店-M2403506000505022509060788686,13.8,wechat,Groceries,True
2025-09-06 21:44:36,荟选集市后滩店,条码支付-后滩店-M2403506000505022509061026757,12.8,wechat,Groceries,True
2025-09-06 21:48:12,喜士多,济明门市-pos1,6.8,wechat,Groceries,True
2025-09-06 22:59:54,🔥战🙏狼🔥,收款方备注:二维码收款,17.0,wechat,,False
2025-09-07 16:40:25,上海都畅数字技术有限公司,后滩-常熟路,3.0,alipay,Transportation,True
2025-09-07 17:30:36,上海都畅数字技术有限公司,淮海中路-马当路,3.0,alipay,Transportation,True
2025-09-07 17:49:25,奥乐齐商业（�,奥乐齐商业（上海）,70.53,wechat,Groceries,True
2025-09-07 18:28:01,上海都畅数字技术有限公司,马当路-后滩,3.0,alipay,Transportation,True
2025-09-07 18:28:35,哈啰出行,哈啰单车骑行,1.5,alipay,Transportation,True
2025-09-07 20:04:01,上海都畅数字技术有限公司,后滩-豫园,4.0,alipay,Transportation,True
2025-09-07 21:04:54,麦当劳,上海金拱门食品有限公司,15.9,wechat,Eating Out,True
2025-09-07 21:53:28,广州市玩客游乐设备有限公司,上海城隍庙订单,16.9,wechat,,False
2025-09-07 22:44:36,喜士多,济明门市-pos1,3.8,wechat,Groceries,True
2025-09-07 22:46:49,上海都畅数字技术有限公司,豫园-后滩,4.0,alipay,Transportation,True
2025-09-08 14:57:38,哈啰出行,哈啰单车骑行,2.5,alipay,Transportation,True
2025-09-08 15:43:21,滴滴出行,滴滴快车打车-龚师傅-09月08日行程,14.5,wechat,Transportation,True
2025-09-08 15:47:32,上海蕤盛工贸,上海蕤盛工贸有限公司-订单编号202509084776621616982419429,6.0,wechat,,False
2025-09-08 18:20:47,饿梨酱Hey Guac·美洲活力西餐,美团收银909700204177877007,26.4,wechat,,False
2025-09-08 21:11:06,上海都畅数字技术有限公司,后滩-常熟路,3.0,alipay,Transportation,True
2025-09-08 22:09:05,上海都畅数字技术有限公司,常熟路-后滩,3.0,alipay,Transportation,True
2025-09-09 01:21:17,喜士多,济明门市-pos1,6.2,wechat,Groceries,True
2025-09-10 12:15:15,上海纽约大学,POS机扫微信二维码消费,25.0,wechat,Other,True
2025-09-10 18:34:49,荟选集市后滩店,条码支付-后滩店-M2403506000505022509100519716,12.5,wechat,Groceries,True
2025-09-11 11:20:33,小满手工粉,上海丁香国际店-点餐即支付-2511307997180043276,25.0,wechat,,False
2025-09-11 12:46:56,上海都畅数字技术有限公司,杨高中路-东方体育中心,4.0,alipay,Transportation,True
2025-09-11 16:56:51,上海纽约大学,POS机扫微信二维码消费,22.0,wechat,Other,True
2025-09-11 17:23:39,上海蕤盛工贸,上海蕤盛工贸有限公司-订单编号202509117398321616982419429,3.0,wechat,,False
2025-09-11 18:40:32,哈啰出行,哈啰单车骑行,2.5,alipay,Transportation,True
2025-09-11 21:47:55,上海都畅数字技术有限公司,后滩-常熟路,3.0,alipay,Transportation,True
2025-09-11 22:32:43,上海都畅数字技术有限公司,常熟路-后滩,3.0,alipay,Transportation,True
2025-09-11 23:09:57,滴滴出行,特惠快车打车-李师傅-09月11日行程,29.9,wechat,Transportation,True
2025-09-12 00:52:12,ODAY,收款,77.88,alipay,Groceries,True
2025-09-12 15:50:08,上海蕤盛工贸,上海蕤盛工贸有限公司-订单编号202509122960921616982419429,2.5,wechat,,False
2025-09-12 20:29:02,滴滴出行,特惠快车打车-陈师傅-09月12日行程,29.3,wechat,Transportation,True
2025-09-13 00:35:24,sydney,收款,49.88,alipay,Transfers & Gifts,True
2025-09-13 00:50:17,喜士多,济明门市-pos1,13.0,wechat,Groceries,True
2025-09-13 12:54:18,云上智造（上海）科技发展有限公司,12133-上海-田子坊-照相订单,9.9,wechat,,False
2025-09-13 15:00:39,上海都畅数字技术有限公司,打浦桥-陆家嘴,3.0,alipay,Transportation,True
2025-09-13 15:41:37,上海都畅数字技术有限公司,陆家嘴-南京西路,3.0,alipay,Transportation,True
2025-09-13 16:37:59,上海都畅数字技术有限公司,陆家嘴-长清路,1.0,alipay,Transportation,True
2025-09-13 22:30:47,sydney,收款,49.88,alipay,Transfers & Gifts,True
2025-09-14 00:09:11,喜士多,济明门市-pos1,17.0,wechat,Groceries,True
2025-09-14 04:29:15,大黄鹅,农夫山泉维他命水西梅桃子-51828020-518280201757795348114,5.0,wechat,Groceries,True
2025-09-14 13:37:31,济明路蘭州牛肉面（百热客）,济明路蘭州牛肉面（百热客）,32.3,wechat,,False
2025-09-14 14:28:31,荟选集市后滩店,条码支付-后滩店-M2403506000505022509140386703,5.0,wechat,Groceries,True
2025-09-14 17:43:15,得物APP平台商户,商品交易,599.0,wechat,Shopping,True
2025-09-14 18:43:58,美团,蜜雪冰城冰淇淋与茶（昌里路店）-美团App-25091411100300001308460079066535,27.61,alipay,Eating Out,True
2025-09-14 18:48:16,美团,Popeyes炸鸡·汉堡·奶昔(前滩公园巷店)-美团App-25091411100300001308460337812535,44.1,alipay,Eating Out,True
2025-09-14 21:39:35,荟选集市后滩店,条码支付-后滩店-M2403506000505022509141059076,21.6,wechat,Groceries,True
2025-09-15 15:03:02,麦当劳,上海金拱门食品有限公司,39.9,wechat,Eating Out,True
2025-09-15 16:17:48,上海蕤盛工贸,上海蕤盛工贸有限公司-订单编号202509157532921616982419429,2.5,wechat,,False
2025-09-16 00:26:48,大黄鹅,农夫山泉维他命水西梅桃子-51828020-518280201757953603267,5.0,wechat,Groceries,True
2025-09-16 11:51:37,上海纽约大学,POS机扫微信二维码消费,28.0,wechat,Other,True
2025-09-16 14:52:48,美团,蜜雪冰城（杨南路店）-美团App-25091611100300001308722840196535,1.9,wechat,Eating Out,True
2025-09-16 18:26:08,上海纽约大学,POS机扫微信二维码消费,16.0,wechat,Other,True
2025-09-16 20:34:10,荟选集市后滩店,条码支付-后滩店-M2403506000505022509160789105,5.0,wechat,Groceries,True
2025-09-17 15:38:45,上海一网通办缴费平台,出入境业务:0001300100817580946903737905,1000.0,wechat,,False
2025-09-17 16:06:31,美团,Popeyes ·炸鸡·汉堡·奶昔（浦建路巴黎春天店）-美团App-25091711100300001308878856453535,171.3,alipay,Eating Out,True
2025-09-17 16:20:05,滴滴出行,特惠快车打车-魏师傅-09月17日行程,33.7,wechat,Transportation,True
2025-09-17 21:50:43,荟选集市后滩店,条码支付-后滩店-M2403506000505022509170913423,4.8,wechat,Groceries,True
2025-09-18 12:35:30,滴滴出行,特惠快车打车-刘师傅-09月18日行程,14.2,alipay,Transportation,True
2025-09-18 18:16:08,上海优悠生活商业管理有限公司,APIO晶耀前滩店-消费,73.0,alipay,???,True
2025-09-18 18:39:40,喜士多(高青西店),高青西门市-pos1,11.8,wechat,Groceries,True
2025-09-18 18:45:03,滴滴出行,特惠快车打车-黄师傅-09月18日行程,9.4,alipay,Transportation,True
2025-09-19 12:52:17,上海纽约大学,POS机扫微信二维码消费,28.0,wechat,Other,True
2025-09-19 16:32:20,哈啰出行,哈啰单车骑行,0.88,alipay,Transportation,True
2025-09-19 17:03:55,全家,上海全家便利店,6.5,wechat,Groceries,True
2025-09-19 17:13:26,哈啰出行,哈啰单车骑行,1.5,alipay,Transportation,True
2025-09-19 18:27:35,淘宝平台商户,/,20.52,wechat,Shopping,True
2025-09-20 19:41:22,荟选集市后滩店,条码支付-后滩店-M2403506000505022509200755068,9.6,wechat,Groceries,True
2025-09-20 20:53:15,荟选集市后滩店,条码支付-后滩店-M2403506000505022509200865480,22.3,wechat,Groceries,True
2025-09-21 00:48:03,Habibi,美团收银909700204580628261,35.0,wechat,Eating Out,True
2025-09-21 02:25:04,全家,上海全家便利店,19.5,wechat,Groceries,True
2025-09-21 06:03:41,大黄鹅,百事纯水乐-51828020-518280201758405816729,2.5,wechat,Groceries,True
2025-09-21 19:02:43,美团,【蜜雪冰城冰淇淋与茶（昌里路店）】珍珠奶茶(中杯)-拼好饭微信小程序-2509211110030000130958177973953,3.9,wechat,Eating Out,True
2025-09-21 20:55:59,济明路蘭州牛肉面（百热客）,济明路蘭州牛肉面（百热客）,8.0,wechat,,False
2025-09-21 21:15:59,荟选集市后滩店,条码支付-后滩店-M2403506000505022509210967680,5.0,wechat,Groceries,True
2025-09-22 12:26:44,上海纽约大学,POS机扫微信二维码消费,13.0,wechat,Other,True
2025-09-22 17:58:04,荟选集市后滩店,条码支付-后滩店-M2403506000505022509220447436,9.0,wechat,Groceries,True
2025-09-22 20:19:06,美团,蜜雪冰城（杨南路店）-美团App-25092211100300001309744461924535,29.4,alipay,Eating Out,True
2025-09-23 11:36:39,上海纽约大学,POS机扫微信二维码消费,28.0,wechat,Other,True
2025-09-24 12:05:30,上海纽约大学,POS机扫微信二维码消费,28.0,wechat,Other,True
2025-09-24 12:31:45,美团,蜜雪冰城（杨南路店）-美团App-25092411100300001309952279014535,23.8,alipay,Eating Out,True
2025-09-24 22:18:58,荟选集市后滩店,条码支付-后滩店-M2403506000505022509240861078,21.1,wechat,Groceries,True
2025-09-25 12:26:34,滴滴出行,特惠快车打车-郭师傅-09月21日行程,27.0,alipay,Transportation,True
2025-09-25 12:41:39,滴滴出行,特惠快车打车-金师傅-09月25日行程,14.2,alipay,Transportation,True
2025-09-25 16:30:04,美团,【吉野家(上海前滩陆悦汇店)】招牌牛肉饭-美团外卖微信小程序-25092511100300001300124981036535,30.0,wechat,Eating Out,True
2025-09-25 18:28:37,上海蕤盛工贸,上海蕤盛工贸有限公司-订单编号202509250746191616982419429,5.0,wechat,,False
2025-09-25 21:27:11,Tselmeg Bayarjargal,收款方备注:二维码收款,11.7,wechat,Transfers & Gifts,True
2025-09-26 05:52:29,乐科智控,佳得乐橙味运动饮料600ml-51828020-518280201758837149627,6.0,alipay,Groceries,True
2025-09-26 14:10:26,哈啰出行,哈啰单车骑行,1.88,alipay,Transportation,True
2025-09-26 14:13:46,麦当劳,上海金拱门食品有限公司,13.9,wechat,Eating Out,True
2025-09-26 14:19:41,哈啰出行,优惠卡券订单支付,1.99,alipay,Transportation,True
2025-09-26 21:54:40,荟选集市后滩店,条码支付-后滩店-M2403506000505022509260904025,25.6,wechat,Groceries,True
2025-09-27 13:05:38,汉堡王(上海地产城方耀华),BK31693门店_ATOM_SOK,33.5,alipay,Eating Out,True
2025-09-27 13:15:48,荟选集市后滩店,条码支付-后滩店-M2403506000505022509270260846,4.8,wechat,Groceries,True
2025-09-27 13:57:15,喜士多,济明门市-pos1,14.9,wechat,Groceries,True
2025-09-27 16:09:14,美团,蜜雪冰城（杨南路店）-美团App-25092711100300001300447209213535,26.4,alipay,Eating Out,True
2025-09-27 19:06:40,美团,伽喱博士Dr.CURRY咖喱（晶耀前滩店）-美团App-25092711100300001300485703838535,46.0,alipay,Eating Out,True
2025-09-27 23:12:57,上海都畅数字技术有限公司,后滩-浦东1号2号航站楼,7.0,alipay,Transportation,True
2025-09-28 00:04:32,友宝昂莱,友宝-怡宝葡萄假日果汁饮料440ml,6.0,wechat,Groceries,True
2025-10-02 15:07:19,淘宝平台商户,/,9.8,wechat,Shopping,True
2025-10-04 02:10:16,滴滴出行,特惠快车打车-熊师傅-10月04日行程,128.4,alipay,Transportation,True
2025-10-04 03:07:12,淘宝闪购,柠檬炸鸡·火鸡面(三林店)外卖订单,44.59,alipay,Eating Out,True
2025-10-04 17:36:43,荟选集市后滩店,条码支付-后滩店-M2403506000505022510040388576,9.8,wechat,Groceries,True
2025-10-04 17:46:17,个人收款尼彦兵,个人尼彦兵402974,41.9,wechat,,False
2025-10-04 18:34:12,上海都畅数字技术有限公司,后滩-合川路,4.0,alipay,Transportation,True
2025-10-04 19:13:41,K-MART,圃美多炒用豆腐400g-等,29.6,wechat,Groceries,True
2025-10-04 19:53:53,正三熙by韩国街小木屋烤肉,美团/大众点评点餐订单-10044719799534113642466,70.0,wechat,,False
2025-10-04 21:57:13,上海都畅数字技术有限公司,合川路-后滩,4.0,alipay,Transportation,True
2025-10-04 21:58:09,荟选集市后滩店,条码支付-后滩店-M2403506000505022510040694756,15.8,wechat,Groceries,True
2025-10-05 02:03:02,全家,上海全家便利店,6.0,wechat,Groceries,True
2025-10-05 13:37:06,济明路蘭州牛肉面（百热客）,济明路蘭州牛肉面（百热客）,15.2,wechat,,False
2025-10-05 14:08:10,荟选集市后滩店,条码支付-后滩店-M2403506000505022510050301538,3.5,wechat,Groceries,True
2025-10-05 16:48:16,喜士多,济明门市-pos1,2.0,wechat,Groceries,True
2025-10-05 17:30:05,上海都畅数字技术有限公司,后滩-一大会址?黄陂南路,4.0,alipay,Transportation,True
2025-10-05 18:24:34,POPEYES,Popeyes-淮海店-POS1,46.0,wechat,Eating Out,True
2025-10-05 20:56:28,上海都畅数字技术有限公司,一大会址?黄陂南路-后滩,4.0,alipay,Transportation,True
2025-10-06 10:30:51,中国移动,为135****8790话费充值,29.93,alipay,Utilities & Services,True
2025-10-06 13:18:36,卯时六点半,美团/大众点评点餐订单-10064719799606851872070,41.5,wechat,,False
2025-10-06 13:40:48,荟选集市后滩店,条码支付-后滩店-M2403506000505022510060292761,8.1,wechat,Groceries,True
2025-10-06 14:28:52,哈啰出行,哈啰单车骑行,0.8,alipay,Transportation,True
2025-10-06 15:13:56,哈啰出行,哈啰单车骑行,0.8,alipay,Transportation,True
2025-10-06 15:16:26,荟选集市后滩店,条码支付-后滩店-M2403506000505022510060386173,5.5,wechat,Groceries,True
2025-10-06 15:32:03,美团,蜜雪冰城（杨南路店）-美团App-25100611100300001301971081799535,22.1,alipay,Eating Out,True
2025-10-06 19:07:19,济明路蘭州牛肉面（百热客）,济明路蘭州牛肉面（百热客）,15.2,wechat,,False
2025-10-06 19:09:32,济明路蘭州牛肉面（百热客）,济明路蘭州牛肉面（百热客）,18.0,wechat,,False
2025-10-06 20:03:36,荟选集市后滩店,条码支付-后滩店-M2403506000505022510060796313,5.0,wechat,Groceries,True
2025-10-07 11:41:30,上海纽约大学,POS机扫微信二维码消费,28.0,wechat,Other,True
2025-10-07 12:27:35,上海蕤盛工贸,上海蕤盛工贸有限公司-订单编号202510077281391616982419429,6.0,wechat,,False
2025-10-07 17:24:47,上海纽约大学,POS机扫微信二维码消费,28.0,wechat,Other,True
2025-10-07 18:02:24,美团,美团外卖购物车-美团App-25100711100300001302164617101535,13.8,wechat,Eating Out,True
2025-10-07 18:08:43,美团,蜜雪冰城（杨南路店）-美团App-25100711100300001302167677800535,6.9,wechat,Eating Out,True
2025-10-07 22:12:36,荟选集市后滩店,条码支付-后滩店-M2403506000505022510070810103,16.26,wechat,Groceries,True
2025-10-07 22:34:32,拼多多平台商户,商户单号XP2425100722500165529099007146,20.0,wechat,Shopping,True
2025-10-08 11:54:17,美团,麦当劳＆麦咖啡（上海前滩31乐荟店）-美团App-25100811100300001302268707550535,39.9,wechat,Eating Out,True
2025-10-08 17:31:36,上海纽约大学,POS机扫微信二维码消费,22.0,wechat,Other,True
2025-10-08 20:28:00,荟选集市后滩店,条码支付-后滩店-M2403506000505022510080733287,15.8,wechat,Groceries,True
2025-10-08 20:29:52,济明路蘭州牛肉面（百热客）,济明路蘭州牛肉面（百热客）,8.0,wechat,,False
2025-10-09 11:12:53,上海纽约大学,POS机扫微信二维码消费,5.0,wechat,Other,True
2025-10-09 12:21:37,上海纽约大学,POS机扫微信二维码消费,32.0,wechat,Other,True
2025-10-09 12:43:10,上海蕤盛工贸,上海蕤盛工贸有限公司-订单编号202510092137571616982419429,5.0,wechat,,False
2025-10-09 17:32:23,上海纽约大学,POS机扫微信二维码消费,16.0,wechat,Other,True
2025-10-10 01:54:06,喜士多,济明门市-pos1,8.8,wechat,Groceries,True
2025-10-10 02:57:26,大黄鹅,农夫山泉维他命水西梅桃子-51828020-518280201760036238917,5.0,wechat,Groceries,True
2025-10-10 12:38:39,上海纽约大学,POS机扫微信二维码消费,28.0,wechat,Other,True
2025-10-10 14:02:28,上海蕤盛工贸,上海蕤盛工贸有限公司-订单编号202510103102091616982419429,3.0,wechat,,False
2025-10-10 14:17:05,哈啰出行,哈啰单车骑行,0.5,alipay,Transportation,True
2025-10-10 20:55:33,荟选集市后滩店,条码支付-后滩店-M2403506000505022510100835264,6.0,wechat,Groceries,True
2025-10-10 20:55:44,荟选集市后滩店,条码支付-后滩店-M2403506000505022510100836344,2.0,wechat,Groceries,True
2025-10-10 21:54:24,淘宝平台商户,/,26.81,wechat,Shopping,True
2025-10-10 22:24:57,荟选集市后滩店,条码支付-后滩店-M2403506000505022510100962315,4.8,wechat,Groceries,True
2025-10-11 00:15:31,哈啰出行,哈啰单车骑行,3.5,alipay,Transportation,True
2025-10-11 01:01:27,哈啰出行,哈啰单车骑行,3.5,alipay,Transportation,True
2025-10-12 09:59:57,滴滴出行,滴滴快车打车-董师傅-10月12日行程,14.5,alipay,Transportation,True
2025-10-12 11:12:56,上海纽约大学,POS机扫微信二维码消费,28.0,wechat,Other,True
2025-10-12 20:03:09,汉堡王(上海地产城方耀华),BK31693门店_ATOM_SOK,42.0,alipay,Eating Out,True
2025-10-12 21:59:12,荟选集市后滩店,条码支付-后滩店-M2403506000505022510120999753,14.9,wechat,Groceries,True
2025-10-13 11:19:28,上海纽约大学,POS机扫微信二维码消费,29.0,wechat,Other,True
2025-10-13 12:05:57,上海纽约大学,NYUCard Print Fee,150.0,wechat,Other,True
2025-10-13 17:09:36,上海纽约大学,POS机扫微信二维码消费,28.0,wechat,Other,True
2025-10-13 20:07:08,荟选集市后滩店,条码支付-后滩店-M2403506000505022510130659214,3.06,wechat,Groceries,True
2025-10-14 11:27:11,上海纽约大学,POS机扫微信二维码消费,12.0,wechat,Other,True
2025-10-14 14:08:52,美团,蜜雪冰城（杨南路店）-美团App-25101411100300001303202188438535,23.9,wechat,Eating Out,True
2025-10-14 18:04:13,上海纽约大学,POS机扫微信二维码消费,16.0,wechat,Other,True
2025-10-15 12:11:11,上海纽约大学,POS机扫微信二维码消费,28.0,wechat,Other,True
2025-10-15 17:49:44,上海纽约大学,POS机扫微信二维码消费,28.0,wechat,Other,True
2025-10-15 17:51:38,上海纽约大学,POS机扫微信二维码消费,16.0,wechat,Other,True
2025-10-15 18:29:43,上海蕤盛工贸,上海蕤盛工贸有限公司-订单编号202510159165721616982419429,3.0,wechat,,False
2025-10-15 21:19:35,荟选集市后滩店,条码支付-后滩店-M2403506000505022510150856826,46.3,wechat,Groceries,True
2025-10-16 09:54:14,上海都畅数字技术有限公司,后滩-花木路,4.0,alipay,Transportation,True
2025-10-16 10:13:07,7-ELEVEN上海(嘉里),7-ELEVEn上海嘉里消费,16.9,wechat,Groceries,True
2025-10-16 12:38:25,滴滴出行,特惠快车打车-顾师傅-10月16日行程,34.9,alipay,Transportation,True
2025-10-16 12:38:58,滴滴出行,特惠快车打车-顾师傅-10月16日行程,34.9,alipay,Transportation,True
2025-10-16 16:27:50,上海纽约大学,POS机扫微信二维码消费,32.0,wechat,Other,True
2025-10-16 17:03:05,喜士多(高青西店),高青西门市-pos1,5.5,wechat,Groceries,True
2025-10-16 17:48:57,淘宝平台商户,/,2.9,wechat,Shopping,True
2025-10-16 17:50:10,淘宝平台商户,/,2.9,wechat,Shopping,True
2025-10-16 17:50:39,淘宝平台商户,/,2.9,wechat,Shopping,True
2025-10-16 18:41:03,上海蕤盛工贸,上海蕤盛工贸有限公司-订单编号202510169943701616982419429,2.5,wechat,,False
2025-10-17 03:14:37,拼多多平台商户,商户单号XP2325101703201613637534005516,2.14,wechat,Shopping,True
2025-10-17 11:08:17,上海蕤盛工贸,上海蕤盛工贸有限公司-订单编号202510170036301616982419476,5.0,wechat,,False
2025-10-17 11:35:53,上海纽约大学,POS机扫微信二维码消费,29.0,wechat,Other,True
2025-10-17 14:20:37,哈啰出行,哈啰单车骑行,0.5,alipay,Transportation,True
2025-10-17 17:01:11,荟选集市后滩店,条码支付-后滩店-M2403506000505022510170376831,10.0,wechat,Groceries,True
2025-10-17 19:00:53,济明路蘭州牛肉面（百热客）,济明路蘭州牛肉面（百热客）,34.0,wechat,,False
2025-10-17 19:21:59,荟选集市后滩店,条码支付-后滩店-M2403506000505022510170609210,6.0,wechat,Groceries,True
2025-10-17 21:02:56,荟选集市后滩店,条码支付-后滩店-M2403506000505022510170802042,20.3,wechat,Groceries,True
2025-10-17 22:15:16,荟选集市后滩店,条码支付-后滩店-M2403506000505022510170919605,7.5,wechat,Groceries,True
2025-10-18 16:06:26,上海地铁,后滩-金沙江路,4.0,alipay,Transportation,True
2025-10-18 20:11:21,上海地铁,金沙江路-后滩,4.0,alipay,Transportation,True
2025-10-18 22:58:03,喜士多,济明门市-pos1,19.5,wechat,Groceries,True
2025-10-19 00:47:20,LAWSON,LAWSON上海普安路177号消费,19.9,wechat,Groceries,True
2025-10-19 02:45:05,滴滴出行,滴滴快车打车-范师傅-10月19日行程,30.16,alipay,Transportation,True
2025-10-19 12:47:03,淘宝平台商户,/,8.8,wechat,Shopping,True
2025-10-19 15:02:00,荟选集市后滩店,条码支付-后滩店-M2403506000505022510190340582,4.0,wechat,Groceries,True
2025-10-19 16:51:30,大黄鹅,雪碧雪碧310ml-51828020-518280201760863883054,3.0,wechat,Groceries,True
2025-10-19 18:28:19,汉堡王(上海地产城方耀华),BK31693门店_ATOM_SOK,14.5,alipay,Eating Out,True
2025-10-19 21:09:55,荟选集市后滩店,条码支付-后滩店-M2403506000505022510190854167,5.0,wechat,Groceries,True
2025-10-19 23:01:37,美团,美团订单-25101911100300001304081063633535,0.1,wechat,Eating Out,True
2025-10-19 23:24:23,美团,美团订单-25101911100300001304081437526535,0.49,alipay,Eating Out,True
2025-10-19 23:24:59,哈啰出行,哈啰单车骑行,1.5,alipay,Transportation,True
2025-10-20 11:25:48,上海纽约大学,POS机扫微信二维码消费,28.0,wechat,Other,True
2025-10-20 15:29:30,美团,蜜雪冰城(前滩凌兆路店)-美团App-25102011100300001304152227072535,24.2,wechat,Eating Out,True
2025-10-20 17:16:10,上海纽约大学,POS机扫微信二维码消费,28.0,wechat,Other,True
2025-10-20 20:04:11,上海蕤盛工贸,上海蕤盛工贸有限公司-订单编号202510200366461698918072390,6.0,wechat,,False
2025-10-21 11:28:42,上海纽约大学,POS机扫微信二维码消费,28.0,wechat,Other,True
2025-10-21 17:22:50,上海蕤盛工贸,上海蕤盛工贸有限公司-订单编号202510216154641698918072390,2.5,wechat,,False
2025-10-22 11:10:21,上海纽约大学,POS机扫微信二维码消费,28.0,wechat,Other,True
2025-10-22 14:23:23,哈啰出行,哈啰单车骑行,0.5,alipay,Transportation,True
2025-10-22 15:24:20,美团,美团订单-25102211100300001304427592574535,0.99,alipay,Eating Out,True
2025-10-22 17:14:05,上海纽约大学,POS机扫微信二维码消费,16.0,wechat,Other,True
2025-10-22 21:37:39,荟选集市后滩店,条码支付-后滩店-M2403506000505022510220728152,5.5,wechat,Groceries,True
2025-10-22 22:10:12,淘宝平台商户,/,7.99,wechat,Shopping,True
2025-10-22 22:21:55,淘宝平台商户,/,38.2,wechat,Shopping,True
2025-10-23 12:06:25,上海纽约大学,POS机扫微信二维码消费,28.0,wechat,Other,True
2025-10-23 17:12:17,上海纽约大学,POS机扫微信二维码消费,13.0,wechat,Other,True
2025-10-23 17:14:11,上海纽约大学,POS机扫微信二维码消费,28.0,wechat,Other,True
2025-10-24 01:57:26,大黄鹅,佳得乐蓝莓味600ml-51828020-518280201761242238575,6.0,wechat,Groceries,True
2025-10-24 11:49:40,喜士多(高青西店),高青西门市-pos1,18.9,wechat,Groceries,True
2025-10-24 12:35:25,美团,美团订单-25102411100300001304688333346535,24.71,wechat,Eating Out,True
2025-10-24 15:48:09,麦当劳,上海金拱门食品有限公司,13.9,wechat,Eating Out,True
2025-10-24 16:57:58,滴滴出行,特惠快车打车-黄师傅-10月24日行程,49.8,alipay,Transportation,True
2025-10-24 19:19:24,哈啰出行,哈啰单车骑行,0.5,alipay,Transportation,True
2025-10-25 00:21:37,喜士多,济明门市-pos1,7.5,wechat,Groceries,True
2025-10-25 00:30:31,喜士多,济明门市-pos1,20.5,wechat,Groceries,True
2025-10-25 18:34:18,美团,TACO BELL·芝士卷饼·塔可(海阳西路店)-美团App-25102511100300001304928067491535,51.18,wechat,Eating Out,True
2025-10-25 19:48:49,淘宝平台商户,/,33.9,wechat,Shopping,True
2025-10-26 00:38:38,全家,上海全家便利店,32.8,wechat,Groceries,True
2025-10-27 01:07:29,喜士多,济明门市-pos1,25.3,wechat,Groceries,True
2025-10-27 17:55:52,上海纽约大学,POS机扫微信二维码消费,16.0,wechat,Other,True
2025-10-28 11:40:21,上海纽约大学,POS机扫微信二维码消费,28.0,wechat,Other,True
2025-10-28 17:58:32,上海纽约大学,POS机扫微信二维码消费,34.0,wechat,Other,True
2025-10-29 11:13:35,上海纽约大学,POS机扫微信二维码消费,26.0,wechat,Other,True
2025-10-29 14:27:14,美团,美团订单-25102911100300001305489578442535,0.99,alipay,Eating Out,True
2025-10-29 15:57:28,美团,美团外卖购物车-美团App-25102911100300001305500287079535,11.7,wechat,Eating Out,True
2025-10-29 23:07:40,淘宝平台商户,/,13.4,wechat,Shopping,True
2025-10-30 12:43:42,滴滴出行,滴滴快车打车-张师傅-10月30日行程,14.5,alipay,Transportation,True
2025-10-31 18:24:03,汉堡王(上海地产城方耀华),BK31693门店_ATOM_SOK,42.4,alipay,Eating Out,True
2025-11-01 08:44:58,全家,苏州全家便利店,9.9,wechat,Groceries,True
2025-11-01 16:24:55,全家,苏州全家便利店,19.8,wechat,Groceries,True
2025-11-02 10:43:17,滴滴出行,特惠快车打车-邱师傅-11月02日行程,14.2,alipay,Transportation,True
2025-11-02 10:50:44,麦当劳,麦当劳,27.8,wechat,Eating Out,True
2025-11-02 14:19:23,上海地铁,东方体育中心-南京东路,4.0,alipay,Transportation,True
2025-11-02 15:39:50,萨莉亚南京东路四店,上海萨莉亚餐饮有限公司扫码收款,61.0,wechat,Eating Out,True
2025-11-02 16:32:37,蜜雪冰城,蜜雪冰城61900867店,7.2,wechat,,False
2025-11-02 17:54:28,上海地铁,人民广场-后滩,4.0,alipay,Transportation,True
2025-11-02 18:05:45,荟选集市后滩店,条码支付-后滩店-M2403506000505022511020594430,20.8,wechat,Groceries,True
2025-11-02 18:06:27,荟选集市后滩店,条码支付-后滩店-M2403506000505022511020596204,0.3,wechat,Groceries,True
2025-11-03 12:36:54,上海纽约大学,POS机扫微信二维码消费,5.0,wechat,Other,True
2025-11-03 14:30:43,美团,吉野家(上海前滩陆悦汇店)-美团App-25110311100300001306295219671535,32.0,wechat,Eating Out,True
2025-11-03 20:41:26,美团,华莱士·全鸡汉堡(杨南店)-美团App-25110311100300001306355727869535,9.9,wechat,Eating Out,True
2025-11-04 11:46:43,上海纽约大学,POS机扫微信二维码消费,28.0,wechat,Other,True
2025-11-04 16:43:48,滴滴出行,滴滴专车打车-刘师傅-11月04日行程,11.9,alipay,Transportation,True
2025-11-04 18:02:11,上海纽约大学,POS机扫微信二维码消费,28.0,wechat,Other,True
2025-11-05 11:19:11,上海蕤盛工贸,上海蕤盛工贸有限公司-订单编号202511054733891616982419429,6.0,wechat,,False
2025-11-05 18:27:27,上海蕤盛工贸,上海蕤盛工贸有限公司-订单编号202511055818811698918072390,3.0,wechat,,False
2025-11-05 19:52:00,美团,肯德基炸鸡兄弟-韩式(昌里路店)-美团App-25110511100300001306627793227535,36.9,wechat,Eating Out,True
2025-11-06 16:02:18,滴滴出行,滴滴专车打车-施师傅-11月06日行程,14.3,alipay,Transportation,True
2025-11-06 16:47:14,麦当劳,麦当劳,36.0,wechat,Eating Out,True
2025-11-06 17:34:40,滴滴出行,滴滴快车打车-蔡师傅-11月06日行程,14.5,alipay,Transportation,True
2025-11-07 10:57:18,上海蕤盛工贸,上海蕤盛工贸有限公司-订单编号202511070341001616982419476,5.0,wechat,,False
2025-11-07 14:01:47,上海地铁,东方体育中心-花木路,4.0,alipay,Transportation,True
2025-11-07 15:56:16,蘇小柳,苏小柳小笼包研制院浦东嘉里城分院-点餐即支付-2594209870878189594,41.0,wechat,,False
2025-11-07 16:58:25,上海地铁,花木路-后滩,4.0,alipay,Transportation,True
2025-11-07 17:18:12,荟选集市后滩店,条码支付-后滩店-M2403506000505022511070409185,44.7,wechat,Groceries,True
2025-11-08 14:13:30,滴滴出行,滴滴快车打车-凌师傅-11月08日行程,14.5,alipay,Transportation,True
2025-11-08 14:13:47,全家,上海全家便利店,8.8,wechat,Groceries,True
2025-11-08 15:28:22,滴滴出行,滴滴快车打车-黄师傅-11月08日行程,14.5,alipay,Transportation,True
2025-11-08 15:49:27,卯时六点半,美团/大众点评点餐订单-11084719801066227213638,20.0,wechat,,False
2025-11-08 16:15:20,荟选集市后滩店,条码支付-后滩店-M2403506000505022511080420147,2.5,wechat,Groceries,True
2025-11-08 20:17:27,美团,肯德基炸鸡兄弟-韩式(昌里路店)-美团App-25110811100300001307115455332535,21.9,wechat,Eating Out,True
2025-11-08 22:40:44,大黄鹅,雪碧雪碧310ml-51828020-518280201762612837241,3.0,wechat,Groceries,True
2025-11-09 10:26:43,滴滴出行,滴滴快车打车-宋师傅-11月09日行程,14.5,alipay,Transportation,True
2025-11-09 13:06:02,上海纽约大学,POS机扫微信二维码消费,28.0,wechat,Other,True
2025-11-09 16:02:37,淘宝平台商户,/,11.7,wechat,Shopping,True
2025-11-09 18:17:46,美团,华莱士·全鸡汉堡（杨思店）-美团App-25110911100300001307267291456535,39.9,wechat,Eating Out,True
2025-11-09 21:15:37,大黄鹅,雪碧雪碧310ml-51828020-518280201762694130737,3.0,wechat,Groceries,True
2025-11-10 11:08:33,上海纽约大学,POS机扫微信二维码消费,28.0,wechat,Other,True
2025-11-10 11:49:08,上海蕤盛工贸,上海蕤盛工贸有限公司-订单编号202511103877981616982419429,6.0,wechat,,False
2025-11-10 21:04:25,sydney,收钱码收款,100.0,alipay,Transfers & Gifts,True
2025-11-11 09:35:54,滴滴出行,滴滴快车打车-何师傅-行程,4.0,alipay,Transportation,True
2025-11-11 18:31:21,淘宝平台商户,/,11.36,wechat,Shopping,True
2025-11-12 11:51:31,美团,麦当劳＆麦咖啡（上海后滩SK大厦店）-美团App-25111211100300001307639870165535,32.8,wechat,Eating Out,True
2025-11-12 20:18:45,美团,必胜客宅急送（长青店）-美团App-25111211100300001307717905415535,23.4,wechat,Eating Out,True
2025-11-13 15:56:05,美团,兄弟烤肉店BrothersKebab（前滩店）-美团App-25111311100300001307816094267535,38.0,wechat,Eating Out,True
2025-11-14 10:59:13,上海蕤盛工贸,上海蕤盛工贸有限公司-订单编号202511149037851616982419476,6.0,wechat,,False
2025-11-14 12:56:22,上海纽约大学,POS机扫微信二维码消费,28.0,wechat,Other,True
2025-11-14 18:06:35,美团,【Obligi Chicken韩式炸鸡(上南路店)】【双人…-美团微信小程序-25111411100300001307986705844535,61.34,wechat,Eating Out,True
2025-11-14 22:19:13,荟选集市后滩店,条码支付-后滩店-M2403506000505022511140877427,5.0,wechat,Groceries,True
2025-11-15 14:57:49,卯时六点半,美团/大众点评点餐订单-11154719801367684926790,20.0,wechat,,False
2025-11-15 15:35:54,荟选集市后滩店,条码支付-后滩店-M2403506000505022511150407425,17.39,wechat,Groceries,True
2025-11-15 20:54:20,荟选集市后滩店,条码支付-后滩店-M2403506000505022511150780002,38.38,wechat,Groceries,True
2025-11-16 00:25:35,喜士多,济明门市-pos1,1.2,wechat,Groceries,True
2025-11-16 16:36:16,美团,【华莱士·全鸡汉堡（杨思店）】香辣鸡腿堡-美团微信小程序-25111611100300001308338520769535,23.8,wechat,Eating Out,True
2025-11-16 18:48:12,大黄鹅,雪碧雪碧310ml-51828020-518280201763290057173,3.0,wechat,Groceries,True
2025-11-16 18:48:58,大黄鹅,雪碧雪碧310ml-51828020-518280201763290126629,3.0,wechat,Groceries,True
2025-11-16 21:42:51,荟选集市后滩店,条码支付-后滩店-M2403506000505022511160908334,13.5,wechat,Groceries,True
2025-11-17 11:09:14,上海纽约大学,POS机扫微信二维码消费,28.0,wechat,Other,True
2025-11-17 11:09:52,上海纽约大学,POS机扫微信二维码消费,28.0,wechat,Other,True
2025-11-17 14:46:42,滴滴出行,特惠快车打车-胡师傅-11月17日行程,38.8,alipay,Transportation,True
2025-11-17 16:02:09,喜茶,喜茶支付中心支付单,36.0,wechat,,False
2025-11-17 16:59:17,上海申通地铁资产经营管理有限公司,花木路-后滩,4.0,alipay,Transportation,True
2025-11-17 17:48:59,上海纽约大学,POS机扫微信二维码消费,32.0,wechat,Other,True
2025-11-18 11:38:07,上海纽约大学,POS机扫微信二维码消费,32.0,wechat,Other,True
2025-11-18 18:40:29,必胜客,PHHSWX20022565982661049290990,34.9,wechat,,False
2025-11-18 21:36:38,拼多多平台商户,商户单号XP2425111821100042253024002376,1.2,wechat,Shopping,True
2025-11-18 21:57:03,拼多多平台商户,商户单号XP1725111821101035208719000915,24.6,wechat,Shopping,True
2025-11-19 11:12:05,上海纽约大学,POS机扫微信二维码消费,18.0,wechat,Other,True
2025-11-19 11:14:46,上海纽约大学,POS机扫微信二维码消费,2.0,wechat,Other,True
2025-11-19 12:38:58,上海蕤盛工贸,上海蕤盛工贸有限公司-订单编号202511191801661616982419524,6.0,wechat,,False
2025-11-19 16:12:39,美团,蜜雪冰城（杨南路店）-美团App-25111911100300001308774681443535,22.1,wechat,Eating Out,True
2025-11-20 01:07:57,大黄鹅,佳得乐蓝莓味600ml-51828020-518280201763572070450,6.0,wechat,Groceries,True
2025-11-20 15:33:18,上海蕤盛工贸,上海蕤盛工贸有限公司-订单编号202511208984701616982419429,5.0,wechat,,False
2025-11-21 13:05:06,上海蕤盛工贸,上海蕤盛工贸有限公司-订单编号202511217227251616982419524,3.0,wechat,,False
2025-11-21 15:50:25,美团,TACO BELL·芝士卷饼·塔可(海阳西路店)-美团App-25112111100300001309065390492535,31.66,wechat,Eating Out,True
2025-11-21 15:54:18,美团,蜜雪冰城（三林店）-美团App-25112111100300001309065911823535,6.9,wechat,Eating Out,True
2025-11-21 23:52:01,喜士多,济明门市-pos1,16.8,wechat,Groceries,True
2025-11-22 14:37:06,汉堡王(上海地产城方耀华),BK31693门店_ATOM_SOK,15.9,alipay,Eating Out,True
2025-11-22 15:17:22,荟选集市后滩店,条码支付-后滩店-M2403506000505022511220348528,6.0,wechat,Groceries,True
2025-11-22 20:34:09,淘宝平台商户,/,15.99,wechat,Shopping,True
2025-11-22 20:35:33,淘天物流科技有限公司,淘宝退货-寄件费_2219812218990_LP00776074714018,9.03,alipay,Utilities & Services,True
2025-11-23 00:05:53,喜士多,济明门市-pos1,7.5,wechat,Groceries,True
2025-11-23 15:18:57,卯时六点半,美团/大众点评点餐订单-11234719801730248922438,20.0,wechat,,False
2025-11-23 15:52:23,荟选集市后滩店,条码支付-后滩店-M2403506000505022511230399857,11.5,wechat,Groceries,True
2025-11-23 19:13:42,美团,克比叔叔印度餐厅kebabs on the grille-美团App-25112311100300001309467724311535,52.0,wechat,Eating Out,True
2025-11-24 11:16:19,上海纽约大学,POS机扫微信二维码消费,28.0,wechat,Other,True
2025-11-24 14:13:01,上海蕤盛工贸,上海蕤盛工贸有限公司-订单编号202511247326651616982419524,3.0,wechat,,False
2025-11-24 14:30:30,昔客堡（上海）餐饮服务有限公司,上海市浦东新区东育路500弄1-9号 W-L1-14号商铺,29.0,wechat,Eating Out,True
2025-11-24 17:15:09,上海纽约大学,POS机扫微信二维码消费,16.0,wechat,Other,True
2025-11-25 11:43:25,上海纽约大学,POS机扫微信二维码消费,18.0,wechat,Other,True
2025-11-25 11:45:34,上海纽约大学,POS机扫微信二维码消费,1.0,wechat,Other,True
2025-11-26 11:17:33,上海纽约大学,POS机扫微信二维码消费,28.0,wechat,Other,True
2025-11-26 12:02:03,上海蕤盛工贸,上海蕤盛工贸有限公司-订单编号202511269009361616982419524,3.0,wechat,,False
2025-11-26 12:22:43,淘宝平台商户,/,2.8,wechat,Shopping,True
2025-11-26 12:23:18,淘宝平台商户,/,6.9,wechat,Shopping,True
2025-11-26 19:40:10,美团,美团订单-25112611100300001309922647889535,35.2,wechat,Eating Out,True
2025-11-27 18:37:12,荟选集市后滩店,条码支付-后滩店-M2403506000505022511270490651,9.8,wechat,Groceries,True
2025-11-27 18:48:54,卯时六点半,美团/大众点评点餐订单-11274719801905612739910,20.0,wechat,,False
2025-11-28 21:04:49,美团,蜜雪冰城（杨南路店）-美团App-25112811100300001300235297191535,65.3,wechat,Eating Out,True
2025-11-29 13:25:22,美团,麦当劳＆麦咖啡（上海后滩SK大厦店）-美团App-25112911100300001300323916119535,27.4,wechat,Eating Out,True
2025-11-29 21:43:19,美团,肯德基炸鸡兄弟-韩式(昌里路店)-美团App-25112911100300001300424488465535,23.9,wechat,Eating Out,True
2025-12-01 11:19:02,上海纽约大学,POS机扫微信二维码消费,16.0,wechat,Other,True
2025-12-01 14:47:54,滴滴出行,特惠快车打车-胡师傅-12月01日行程,38.2,alipay,Transportation,True
2025-12-01 16:07:12,淘宝平台商户,/,105.8,wechat,Shopping,True
2025-12-01 17:19:45,上海申通地铁资产经营管理有限公司,花木路-后滩,4.0,alipay,Transportation,True
2025-12-01 17:32:03,统一超商(上海)便利有限公司,合作商户,4.3,wechat,,False
2025-12-01 17:38:58,麦当劳,上海金拱门食品有限公司,27.9,wechat,Eating Out,True
2025-12-01 18:44:33,荟选集市后滩店,条码支付-后滩店-M2403506000505022512010513407,4.0,wechat,Groceries,True
2025-12-02 11:15:16,上海纽约大学,POS机扫微信二维码消费,15.0,wechat,Other,True
2025-12-02 11:51:38,上海蕤盛工贸,上海蕤盛工贸有限公司-订单编号202512022208451616982419524,3.0,wechat,,False
2025-12-02 16:39:18,上海纽约大学,POS机扫微信二维码消费,3.0,wechat,Other,True
2025-12-02 17:00:26,上海蕤盛工贸,上海蕤盛工贸有限公司-订单编号202512028268631616982419429,5.0,wechat,,False
2025-12-03 11:14:25,上海纽约大学,POS机扫微信二维码消费,29.9,wechat,Other,True
2025-12-03 19:33:23,dudu,收钱码收款,9.0,alipay,Transfers & Gifts,True
2025-12-04 12:43:59,滴滴出行,滴滴快车打车-闫师傅-12月04日行程,14.5,alipay,Transportation,True
2025-12-04 15:46:14,上海蕤盛工贸,上海蕤盛工贸有限公司-订单编号202512048574831616982419524,6.0,wechat,,False
2025-12-04 15:47:02,上海蕤盛工贸,上海蕤盛工贸有限公司-订单编号202512042686101616982419524,6.0,wechat,,False
2025-12-04 17:25:28,美团,TACO BELL·芝士卷饼·塔可(海阳西路店)-美团App-25120411100300001301131266256535,29.46,wechat,Eating Out,True
2025-12-05 11:53:51,上海纽约大学,POS机扫微信二维码消费,28.0,wechat,Other,True
2025-12-05 12:33:11,上海蕤盛工贸,上海蕤盛工贸有限公司-订单编号202512056658011616982419429,6.0,wechat,,False
2025-12-05 18:41:41,美团,Popeyes炸鸡·汉堡·奶昔(前滩公园巷店)-25120511100300001301293219948535,40.1,alipay,Eating Out,True
2025-12-05 19:12:55,上海蕤盛工贸,上海蕤盛工贸有限公司-订单编号202512052211081698918072390,3.0,wechat,,False
2025-12-06 01:06:25,喜士多,济明门市-pos1,17.5,wechat,Groceries,True
2025-12-06 03:18:42,上海市豹喵酒吧,Meow•豹喵咖啡酒吧订单,168.0,wechat,Eating Out,True
2025-12-06 19:15:19,济明路蘭州牛肉面（百热客）,济明路蘭州牛肉面（百热客）,24.0,wechat,,False
2025-12-06 19:45:14,荟选集市后滩店,条码支付-后滩店-M2403506000505022512060627175,16.8,wechat,Groceries,True
2025-12-06 21:13:38,荟选集市后滩店,条码支付-后滩店-M2403506000505022512060735801,3.0,wechat,Groceries,True
2025-12-07 14:11:25,汉堡王(上海地产城方耀华),BK31693门店_ATOM_SOK,29.9,alipay,Eating Out,True
2025-12-07 19:14:35,大黄鹅,雪碧雪碧310ml-51828020-518280201765106068525,3.0,wechat,Groceries,True
2025-12-07 19:25:16,美团,吉野家(上海前滩陆悦汇店)-美团App-25120711100300001301666652908535,22.0,wechat,Eating Out,True
2025-12-08 11:09:02,上海纽约大学,POS机扫微信二维码消费,28.0,wechat,Other,True
2025-12-08 11:53:41,上海蕤盛工贸,上海蕤盛工贸有限公司-订单编号202512085786631616982419429,6.0,wechat,,False
2025-12-08 14:50:04,滴滴出行,特惠快车打车-徐师傅-12月08日行程,35.2,alipay,Transportation,True
2025-12-08 14:56:46,喜茶,喜茶支付中心支付单,14.0,wechat,,False
2025-12-08 17:03:21,滴滴出行,特惠快车打车-王师傅-12月08日行程,35.2,alipay,Transportation,True
2025-12-08 20:40:32,美团,麦当劳＆麦咖啡（上海前滩31乐荟店）-美团App-25120811100300001301823136672535,29.8,wechat,Eating Out,True
2025-12-09 11:28:40,上海纽约大学,POS机扫微信二维码消费,22.0,wechat,Other,True
2025-12-09 11:30:19,上海纽约大学,POS机扫微信二维码消费,1.0,wechat,Other,True
2025-12-09 17:11:56,美团,CoCo都可(上海三林大润发店)-美团App-25120911100300001301925142679535,13.0,wechat,Eating Out,True
2025-12-09 20:10:45,淘宝平台商户,/,19.15,wechat,Shopping,True
2025-12-10 11:25:30,美团,【HeyGuac饿梨酱（前滩店）】炙烤牛眼肉薄饼等4件商品-美团微信小程序-25121011100300001302018729717535,76.1,wechat,Eating Out,True
2025-12-10 15:00:15,上海蕤盛工贸,上海蕤盛工贸有限公司-订单编号202512109909251616982419524,6.0,wechat,,False
2025-12-10 15:53:45,UYANGA,收款,11.88,alipay,Transfers & Gifts,True
2025-12-11 10:40:51,荟选集市后滩店,条码支付-后滩店-M2403506000505022512110073378,3.5,wechat,Groceries,True
2025-12-11 15:56:57,昆仑唐府兰州纯汤牛肉面,美团/大众点评点餐订单-12114881932105384355620,24.0,wechat,Eating Out,True
2025-12-11 16:35:50,荟选集市后滩店,条码支付-后滩店-M2403506000505022512110327246,15.3,wechat,Groceries,True
2025-12-11 20:04:12,得物-得到美好事物,商品交易,685.89,alipay,Shopping,True
2025-12-11 21:47:25,YogurtDay酸奶（世博天地店）,美团收银909700207331411535,22.0,wechat,,False
2025-12-11 22:17:52,滴滴出行,特惠快车打车-裴师傅-12月11日行程,15.7,alipay,Transportation,True
2025-12-11 22:26:00,荟选集市后滩店,条码支付-后滩店-M2403506000505022512110718213,12.8,wechat,Groceries,True
2025-12-12 00:37:39,美团,肯德基炸鸡兄弟-韩式(昌里路店)-美团App-25121211100300001302299301280535,24.9,wechat,Eating Out,True
2025-12-12 20:32:05,上海蕤盛工贸,上海蕤盛工贸有限公司-订单编号202512125582651616982419524,6.0,wechat,,False
2025-12-12 23:04:10,喜士多（济明门市）,喜士多便利店,19.0,wechat,Groceries,True
2025-12-12 23:04:25,喜士多,济明门市-pos1,9.0,wechat,Groceries,True
2025-12-13 00:21:54,喜士多,济明门市-pos1,17.0,wechat,Groceries,True
2025-12-13 01:18:08,上海市豹喵酒吧,Meow•豹喵咖啡酒吧订单,38.0,wechat,Eating Out,True
2025-12-13 17:31:36,昆仑唐府兰州纯汤牛肉面,美团/大众点评点餐订单-12134881932202343149348,24.0,wechat,Eating Out,True
2025-12-13 18:03:19,昆仑唐府兰州纯汤牛肉面,美团/大众点评点餐订单-12134881932205498362660,1.0,wechat,Eating Out,True
2025-12-13 18:06:48,荟选集市后滩店,条码支付-后滩店-M2403506000505022512130442601,5.5,wechat,Groceries,True
2025-12-13 23:22:47,大黄鹅,宝矿力水特500ml-51828020-518280201765639361304,7.0,wechat,Groceries,True
2025-12-14 12:59:08,美团,棒约翰比萨·意面(前滩店)-美团App-25121411100300001302686513277535,24.1,wechat,Eating Out,True
2025-12-14 13:40:56,卯时六点半,美团/大众点评点餐订单-12144719802658958242118,20.0,wechat,,False
2025-12-14 14:13:31,喜士多,济明门市-pos1,4.0,wechat,Groceries,True
2025-12-14 18:14:40,大黄鹅,宝矿力水特500ml-51828020-518280201765707273345,7.0,wechat,Groceries,True
2025-12-15 10:53:39,上海纽约大学,POS机扫微信二维码消费,32.0,wechat,Other,True
2025-12-15 13:15:35,上海蕤盛工贸,上海蕤盛工贸有限公司-订单编号202512150865381616982419429,6.0,wechat,,False
2025-12-15 21:27:17,KKV,KK-Store,39.5,wechat,Shopping,True
2025-12-15 22:56:29,Sydney Yuen,收钱码收款,107.0,alipay,Transfers & Gifts,True
2025-12-15 23:43:26,滴滴出行,特惠快车打车-马师傅-12月15日行程,30.8,alipay,Transportation,True
2025-12-16 00:25:39,喜士多,济明门市-pos1,17.5,wechat,Groceries,True
2025-12-16 10:19:22,滴滴出行,特惠快车打车-冶师傅-12月16日行程,34.6,alipay,Transportation,True
2025-12-16 11:25:02,麦当劳,上海金拱门食品有限公司,13.9,wechat,Eating Out,True
2025-12-16 12:38:29,上海申通地铁资产经营管理有限公司,静安寺-南京东路,3.0,alipay,Transportation,True
2025-12-16 13:07:05,JUNGLEplus广州动漫新城店,龙珠Z凉感眼罩-贝吉塔,29.0,wechat,,False
2025-12-16 13:24:46,萨莉亚南京东路四店,上海萨莉亚餐饮有限公司扫码收款,78.0,wechat,Eating Out,True
2025-12-16 14:00:37,蜜雪冰城,蜜雪冰城61900867店,8.0,wechat,,False
2025-12-16 17:10:13,上海申通地铁资产经营管理有限公司,南京东路-后滩,4.0,alipay,Transportation,True
2025-12-16 17:19:13,荟选集市后滩店,条码支付-后滩店-M2403506000505022512160382718,19.5,wechat,Groceries,True
2025-12-16 21:17:05,美团,Popeyes炸鸡·汉堡·奶昔(前滩公园巷店)-美团App-25121611100300001303051332156535,37.5,wechat,Eating Out,True
2025-12-16 22:40:56,Sydney Yuen,收钱码收款,50.0,alipay,Transfers & Gifts,True
2025-12-17 15:39:57,荟选集市后滩店,条码支付-后滩店-M2403506000505022512170303368,5.5,wechat,Groceries,True
2025-12-17 16:33:57,雅纳晟嘉影文化传播（杭州）有限公司,上海伍晟影院管理有限公司,38.0,wechat,,False
2025-12-17 18:31:52,名创优品,名创优品上海尚悦湾广场2店-消费,24.8,wechat,Shopping,True
2025-12-17 18:47:57,初易（上海）餐饮管理有限公司,炉丼烧肉饭专门  尚悦湾店订单,48.0,wechat,Eating Out,True
2025-12-17 18:52:59,初易（上海）餐饮管理有限公司,炉丼烧肉饭专门  尚悦湾店订单,4.0,wechat,Eating Out,True
2025-12-17 22:16:31,滴滴出行,特惠快车打车-杨师傅-12月17日行程,28.7,alipay,Transportation,True
2025-12-18 00:05:23,杜福睿(上海)商业有限公司,杜福睿(上海)商业有限公司,120.9,wechat,,False
2026-01-05 18:48:08,上海纽约大学,Tuition and Fees,162.0,wechat,Other,True
2026-01-18 01:37:25,滴滴出行,特惠快车打车-任师傅-01月18日行程,137.3,alipay,Transportation,True
2026-01-18 12:09:54,Holy Bagel,HOLYBAGEL3店（耀华店）,42.0,wechat,Eating Out,True
2026-01-18 12:46:40,荟选集市后滩店,条码支付-后滩店-M2403506000505022601180161608,20.8,wechat,Groceries,True
2026-01-18 15:45:29,绿联**店,【优惠价】绿联相机读卡器sd卡ccd多功能usb高速内存储卡typec适用苹果17佳能大疆索尼连接手机电脑两用tf多,29.9,alipay,Shopping,True
2026-01-18 15:45:29,wa**店,waxkiss蜜蜡脱毛蜡纸低敏男女通用学生全身腋下腿毛四肢除毛去毛,14.8,alipay,???,True
2026-01-18 15:45:29,恒品**店,【优惠价】护踝韧带损伤医用脚踝扭伤护具防崴套儿童关节固定专用带可穿鞋腕,19.7,alipay,Shopping,True
2026-01-18 20:10:42,荟选集市后滩店,条码支付-后滩店-M2403506000505022601180668077,14.6,wechat,Groceries,True
2026-01-19 10:22:04,荟选集市后滩店,条码支付-后滩店-M2403506000505022601190049110,5.0,wechat,Groceries,True
2026-01-19 13:29:30,美团,【TACO BELL·芝士卷饼·塔可(海阳西路店)】【暖暖…-美团微信小程序-26011911100300001308156054847535,43.9,wechat,Eating Out,True
2026-01-19 19:08:44,上海申通地铁资产经营管理有限公司,世博大道-长清路,3.0,alipay,Transportation,True
2026-01-20 11:50:42,上海纽约大学,POS机扫微信二维码消费,32.0,wechat,Other,True
2026-01-20 12:37:38,哈啰出行,哈啰单车骑行,1.5,alipay,Transportation,True
2026-01-20 12:59:22,哈啰出行,哈啰单车骑行,1.5,alipay,Transportation,True
2026-01-20 23:16:41,喜士多,济明门市-pos1,17.0,wechat,Groceries,True
2026-01-21 00:13:01,喜士多,济明门市-pos1,14.5,wechat,Groceries,True
2026-01-21 10:56:31,上海蕤盛工贸,上海蕤盛工贸有限公司-订单编号202601219123041616982419476,7.0,wechat,,False
2026-01-21 17:38:31,美团,ALDI奥乐齐超市（中房金谊广场店）-美团App-26012111100300001308455910004535,43.85,wechat,Eating Out,True
2026-01-22 11:19:50,上海纽约大学,POS机扫微信二维码消费,1.0,wechat,Other,True
2026-01-22 17:28:31,荟选集市后滩店,条码支付-后滩店-M2403506000505022601220303531,8.56,wechat,Groceries,True
2026-01-22 21:40:33,荟选集市后滩店,条码支付-后滩店-M2403506000505022601220587743,29.8,wechat,Groceries,True
2026-01-22 23:50:24,滴滴出行,特惠快车打车-刘师傅-01月22日行程,25.0,alipay,Transportation,True
2026-01-23 07:14:18,卯时六点半,美团/大众点评点餐订单-01234719804479694271814,20.0,wechat,,False
2026-01-23 12:43:15,上海纽约大学,POS机扫微信二维码消费,16.0,wechat,Other,True
2026-01-23 15:42:23,美团,华莱士·全鸡汉堡(杨南店)-美团App-26012311100300001308713663987535,37.9,wechat,Eating Out,True
2026-01-23 18:04:03,荟选集市后滩店,条码支付-后滩店-M2403506000505022601230333652,3.0,wechat,Groceries,True
2026-01-24 09:45:16,哈啰出行,哈啰单车骑行,1.5,alipay,Transportation,True
2026-01-24 10:08:09,沪浙7-ELEVEN,支付订单,6.9,wechat,Groceries,True
2026-01-24 10:09:34,上海申通地铁资产经营管理有限公司,后滩-静安寺,4.0,alipay,Transportation,True
2026-01-24 10:54:12,美团,美团订单-26012411100300001308816073707535,5.5,alipay,Eating Out,True
2026-01-24 12:16:32,上海申通地铁资产经营管理有限公司,静安寺-后滩,4.0,alipay,Transportation,True
2026-01-24 12:18:03,哈啰出行,哈啰单车骑行,1.5,alipay,Transportation,True
2026-01-24 17:10:05,荟选集市后滩店,条码支付-后滩店-M2403506000505022601240346384,12.0,wechat,Groceries,True
2026-01-25 10:19:40,哈啰出行,哈啰单车骑行,1.5,alipay,Transportation,True
2026-01-25 10:47:53,上海申通地铁资产经营管理有限公司,后滩-静安寺,4.0,alipay,Transportation,True
2026-01-25 11:26:57,蜜雪冰城934055店,蜜雪冰城934055店,8.0,alipay,Eating Out,True
2026-01-25 12:05:38,久鼎餐饮管理,久鼎餐饮管理,41.0,wechat,Eating Out,True
2026-01-25 12:50:57,哈啰出行,哈啰单车骑行,1.5,alipay,Transportation,True
2026-01-25 12:56:30,上海申通地铁资产经营管理有限公司,静安寺-后滩,4.0,alipay,Transportation,True
2026-01-25 13:09:44,淘宝平台商户,/,34.0,wechat,Shopping,True
2026-01-25 19:37:05,淘天物流科技有限公司,淘宝退货-寄件费_2219812218990_LP00793048827958,6.02,alipay,Utilities & Services,True
2026-01-26 10:55:57,上海蕤盛工贸,上海蕤盛工贸有限公司-订单编号202601265009871616982419476,3.0,wechat,,False
2026-01-26 12:37:32,上海纽约大学,POS机扫微信二维码消费,5.0,wechat,Other,True
2026-01-26 18:29:57,美团,尊宝比萨（杨思路店）-美团App-26012611100300001309202146441535,22.9,wechat,Eating Out,True
2026-01-27 11:48:34,上海纽约大学,POS机扫微信二维码消费,28.0,wechat,Other,True
2026-01-27 14:08:55,上海蕤盛工贸,上海蕤盛工贸有限公司-订单编号202601274776731616982419429,6.0,wechat,,False
2026-01-27 20:30:17,昆仑唐府兰州纯汤牛肉面,美团/大众点评点餐订单-01274881934293499811620,24.0,wechat,Eating Out,True
2026-01-27 21:44:48,荟选集市后滩店,后滩店-M2403506000505022601270622026,7.5,wechat,Groceries,True
2026-01-28 12:29:08,上海纽约大学,POS机扫微信二维码消费,5.0,wechat,Other,True
2026-01-28 12:32:45,上海纽约大学,POS机扫微信二维码消费,18.0,wechat,Other,True
2026-01-28 21:00:33,荟选集市后滩店,后滩店-M2403506000505022601280564352,20.0,wechat,Groceries,True
2026-01-28 21:02:51,昆仑唐府兰州纯汤牛肉面,美团/大众点评点餐订单-01284881934338254002980,18.0,wechat,Eating Out,True
2026-01-29 11:30:23,上海纽约大学,POS机扫微信二维码消费,24.0,wechat,Other,True
2026-01-29 17:44:29,中国移动,为135****8790话费充值,20.0,wechat,Utilities & Services,True
2026-01-29 17:45:39,中国移动,为135****8790话费充值,30.0,wechat,Utilities & Services,True
2026-01-29 19:16:45,上海蕤盛工贸,上海蕤盛工贸有限公司-订单编号202601291299691698918072390,6.0,wechat,,False
2026-01-29 21:43:34,美团,Popeyes炸鸡·汉堡·奶昔(前滩公园巷店)-美团App-26012911100300001309645066529535,27.9,wechat,Eating Out,True
2026-01-29 22:20:50,荟选集市后滩店,后滩店-M2403506000505022601290649100,30.3,wechat,Groceries,True
2026-01-30 03:08:05,滴滴出行,特惠快车打车-董师傅-01月30日行程,23.1,alipay,Transportation,True
2026-01-30 12:12:31,上海纽约大学,POS机扫微信二维码消费,5.0,wechat,Other,True
2026-01-30 12:15:17,上海纽约大学,POS机扫微信二维码消费,18.0,wechat,Other,True
2026-01-30 15:48:49,上海蕤盛工贸,上海蕤盛工贸有限公司-订单编号202601309656021616982419429,7.0,wechat,,False
2026-01-30 22:18:18,美团,麦当劳＆麦咖啡（上海陆家嘴前滩中心店）-美团App-26013011100300001309795455375535,25.61,wechat,Eating Out,True
2026-01-30 22:22:09,卓联（上海）餐饮服务有限公司,卓联（上海）餐饮服务有限公司,83.0,alipay,???,True
2026-01-30 23:12:19,喜士多,济明门市-pos1,15.5,wechat,Groceries,True
2026-01-31 02:30:39,滴滴出行,滴滴打车-刘师傅,23.0,alipay,Transportation,True
2026-01-31 03:42:53,全家,上海全家便利店,5.0,wechat,Groceries,True
2026-01-31 12:20:13,哈啰出行,哈啰单车骑行,1.5,alipay,Transportation,True
2026-01-31 12:43:31,沪浙7-ELEVEN,支付订单,9.9,wechat,Groceries,True
2026-01-31 12:48:50,上海申通地铁资产经营管理有限公司,后滩-静安寺,4.0,alipay,Transportation,True
2026-01-31 15:02:12,AMINO AMIGO,AMINO AMIGO,59.0,wechat,Eating Out,True
2026-01-31 16:01:49,个人收款尼彦兵,个人尼彦兵402974,55.8,wechat,,False
2026-01-31 16:02:48,上海申通地铁资产经营管理有限公司,静安寺-后滩,4.0,alipay,Transportation,True
2026-01-31 16:05:15,荟选集市后滩店,后滩店-M2403506000505022601310285170,12.8,wechat,Groceries,True
2026-01-31 20:47:40,淘宝闪购,兄弟烤肉Brothers Kebab(前滩店)外卖订单,29.4,alipay,Eating Out,True
2026-01-31 23:24:17,喜士多,济明门市-pos1,14.5,wechat,Groceries,True
2026-01-31 23:54:22,上海檀檀之家餐饮管理有限公司,LeSoir(陕西北路店),15.0,wechat,Eating Out,True
2026-02-01 22:21:38,荟选集市后滩店,后滩店-M2403506000505022602010744610,13.5,wechat,Groceries,True
2026-02-02 12:39:13,上海纽约大学,POS机扫微信二维码消费,18.0,wechat,Other,True
2026-02-02 19:20:37,滴滴出行,特惠快车打车-焦师傅-02月02日行程,46.8,alipay,Transportation,True
2026-02-02 19:28:53,urnma,收钱码收款,118.0,alipay,Transfers & Gifts,True
2026-02-02 21:43:21,滴滴出行,特惠快车打车-余师傅-02月02日行程,32.1,alipay,Transportation,True
2026-02-03 11:33:04,上海纽约大学,POS机扫微信二维码消费,18.0,wechat,Other,True
2026-02-03 11:34:11,上海纽约大学,POS机扫微信二维码消费,5.0,wechat,Other,True
2026-02-04 12:35:20,上海纽约大学,POS机扫微信二维码消费,29.0,wechat,Other,True
2026-02-05 13:19:47,卯时六点半,美团/大众点评点餐订单-02054719805098464493894,18.0,wechat,,False
2026-02-05 18:04:26,美团,Popeyes炸鸡·汉堡·奶昔(前滩公园巷店)-美团App-26020511100300001300644614674535,22.9,wechat,Eating Out,True
2026-02-05 18:09:37,淘宝平台商户,/,38.1,wechat,Shopping,True
2026-02-05 18:11:52,淘宝平台商户,/,54.5,wechat,Shopping,True
2026-02-05 18:23:51,Yugi,收款,8.9,alipay,Transfers & Gifts,True
2026-02-06 12:39:23,上海纽约大学,POS机扫微信二维码消费,28.0,wechat,Other,True
2026-02-06 16:47:01,APIO艾彼悠,APIO晶耀前滩店0002,45.8,wechat,Groceries,True
2026-02-06 19:17:03,美团,酒仙森精酿啤酒洋酒红酒（三林店）-美团App-26020611100300001300808341653535,34.1,wechat,Eating Out,True
2026-02-06 23:06:54,高德打车,Amap ride-hailing orders,43.37,alipay,Transportation,True
2026-02-06 23:49:41,滴滴出行,滴滴快车打车-余师傅-02月06日行程,53.6,alipay,Transportation,True
2026-02-08 11:21:32,哈啰出行,哈啰单车骑行,1.5,alipay,Transportation,True
2026-02-08 11:55:26,上海申通地铁资产经营管理有限公司,后滩-花木路,4.0,alipay,Transportation,True
2026-02-08 11:56:14,美团,美团订单-26020811100300001301036457280535,1.09,wechat,Eating Out,True
2026-02-08 14:10:18,上海申通地铁资产经营管理有限公司,花木路-商城路,4.0,alipay,Transportation,True
2026-02-08 15:04:01,O. A. OCHIR,收钱码收款,6.9,alipay,Eating Out,True
2026-02-08 16:21:48,luckin coffee,订单付款,9.9,wechat,Eating Out,True
2026-02-08 18:48:46,上海申通地铁资产经营管理有限公司,陆家嘴-南京东路,3.0,alipay,Transportation,True
2026-02-08 19:39:33,萨莉亚南京东路四店,上海萨莉亚餐饮有限公司扫码收款,45.0,wechat,Eating Out,True
2026-02-08 21:06:27,上海申通地铁资产经营管理有限公司,南京东路-后滩,4.0,alipay,Transportation,True
2026-02-09 10:57:28,上海蕤盛工贸,上海蕤盛工贸有限公司-订单编号202602098540501616982419476,3.0,wechat,,False
2026-02-09 12:39:22,上海纽约大学,POS机扫微信二维码消费,5.0,wechat,Other,True
2026-02-09 12:42:53,上海纽约大学,POS机扫微信二维码消费,16.0,wechat,Other,True
2026-02-09 18:44:58,美团,【吉野家(上海前滩陆悦汇店)】招牌牛肉饭（中碗）-美团微信小程序-26020911100300001301251196104535,25.0,wechat,Eating Out,True
2026-02-10 11:44:12,美团,汉堡王（上海地产城方耀华餐厅31693店）-美团App-26021011100300001301329115690535,41.8,wechat,Eating Out,True
2026-02-10 13:33:10,淘宝平台商户,/,9.8,wechat,Shopping,True
2026-02-10 13:43:56,淘宝平台商户,/,14.6,wechat,Shopping,True
2026-02-10 19:31:51,美团,达美乐比萨（海阳西路店）-美团App-26021011100300001301404865492535,25.5,wechat,Eating Out,True
2026-02-11 12:40:13,上海纽约大学,POS机扫微信二维码消费,5.0,wechat,Other,True
2026-02-11 12:48:31,上海纽约大学,POS机扫微信二维码消费,3.0,wechat,Other,True
2026-02-11 13:05:53,Sydney Yuen,收钱码收款,20.0,alipay,Transfers & Gifts,True
2026-02-11 19:16:45,美团,肯德基炸鸡兄弟-韩式(昌里路店)-美团App-26021111100300001301536435674535,18.9,wechat,Eating Out,True
2026-02-12 02:32:55,上海蕤盛工贸,上海蕤盛工贸有限公司-订单编号202602129723381616982419524,7.0,wechat,,False
2026-02-12 08:04:04,上海纽约大学,POS机扫微信二维码消费,15.0,wechat,Other,True
2026-02-12 22:16:05,淘宝闪购,兰州拉面(海阳路店)外卖订单,18.78,alipay,Eating Out,True
2026-02-13 11:48:56,汉堡王(上海地产城方耀华),BK31693门店_新支付宝小程序点餐,31.3,alipay,Eating Out,True
2026-02-13 19:11:37,卯时六点半,美团收银909700209500139571,17.6,wechat,,False
2026-02-13 23:37:56,上海申通地铁资产经营管理有限公司,后滩-浦东1号2号航站楼,7.0,alipay,Transportation,True
2026-02-19 23:14:41,淘宝平台商户,/,15.7,wechat,Shopping,True
2026-02-20 21:39:36,淘宝平台商户,/,71.1,wechat,Shopping,True
2026-02-22 04:13:51,中石化上海,中石化易捷便利店消费,15.0,wechat,,False
2026-02-22 10:18:48,汉堡王(上海地产城方耀华),BK31693门店_ATOM_SOK,25.5,alipay,Eating Out,True
2026-02-23 11:06:38,上海蕤盛工贸,上海蕤盛工贸有限公司-订单编号202602231196651616982419476,6.0,wechat,,False
2026-02-23 12:26:04,上海纽约大学,POS机扫微信二维码消费,5.0,wechat,Other,True
2026-02-23 12:29:12,上海纽约大学,POS机扫微信二维码消费,10.0,wechat,Other,True
2026-02-23 17:32:37,上海纽约大学,POS机扫微信二维码消费,28.0,wechat,Other,True
2026-02-23 21:02:32,G. A. ERDENE,收钱码收款,12.2,alipay,Transfers & Gifts,True
2026-02-24 11:45:59,上海纽约大学,POS机扫微信二维码消费,18.0,wechat,Other,True
2026-02-24 11:47:59,上海纽约大学,POS机扫微信二维码消费,16.0,wechat,Other,True
2026-02-24 12:43:06,上海蕤盛工贸,上海蕤盛工贸有限公司-订单编号202602245002891616982419524,3.0,wechat,,False
2026-02-24 18:17:40,上海纽约大学,POS机扫微信二维码消费,16.0,wechat,Other,True
2026-02-24 18:23:13,上海纽约大学,POS机扫微信二维码消费,15.0,wechat,Other,True
2026-02-25 12:21:57,上海纽约大学,POS机扫微信二维码消费,5.0,wechat,Other,True
2026-02-25 12:24:41,上海纽约大学,POS机扫微信二维码消费,15.0,wechat,Other,True
2026-02-25 16:34:49,荟选集市后滩店,后滩店-M2403506000505022602250200828,9.59,wechat,Groceries,True
2026-02-25 19:25:58,昆仑唐府兰州牛肉面（后滩店）,默认商品,26.0,wechat,Eating Out,True
2026-02-25 19:56:23,荟选集市后滩店,后滩店-M2403506000505022602250441174,9.0,wechat,Groceries,True
2026-02-26 13:13:53,卯时六点半,美团收银909700209848795418,15.84,wechat,,False
2026-02-26 13:28:14,荟选集市后滩店,后滩店-M2403506000505022602260142214,9.5,wechat,Groceries,True
2026-02-26 18:25:27,上海纽约大学,POS机扫微信二维码消费,18.0,wechat,Other,True
2026-02-27 11:51:05,荟选集市后滩店,后滩店-M2403506000505022602270126572,15.0,wechat,Groceries,True
2026-02-28 13:36:08,昆仑唐府兰州牛肉面（后滩店）,默认商品,24.0,wechat,Eating Out,True
2026-02-28 14:15:16,荟选集市后滩店,后滩店-M2403506000505022602280225163,37.43,wechat,Groceries,True
2026-02-28 20:15:09,卯时六点半,美团收银909700209917434383,17.6,wechat,,False
2026-02-28 23:21:42,喜士多,济明门市-pos1,16.5,wechat,Groceries,True
2026-03-01 15:16:39,Holy Bagel,HOLYBAGEL3店（耀华店）,43.0,wechat,Eating Out,True
2026-03-01 15:34:01,荟选集市后滩店,后滩店-M2403506000505022603010234713,18.3,wechat,Groceries,True
2026-03-02 12:22:06,上海纽约大学,POS机扫微信二维码消费,24.0,wechat,Other,True
2026-03-02 15:07:51,上海蕤盛工贸,上海蕤盛工贸有限公司-订单编号202603023405341616982419429,7.0,wechat,,False
2026-03-02 17:28:28,聆动,卫生巾x1片,2.5,wechat,,False
2026-03-02 17:58:28,淘宝闪购,赌上厨师职业生涯的炒饭锄禾蛋炒饭·炒面·炒粉(昌里店)外卖订单,23.3,alipay,Eating Out,True
2026-03-02 20:28:32,美团,蜜雪冰城（杨南路店）-美团App-26030211100300001303958786045535,27.4,wechat,Eating Out,True
2026-03-03 14:01:46,上海纽约大学,POS机扫微信二维码消费,8.0,wechat,Other,True
2026-03-03 19:04:25,聆动,卫生巾x1片,2.5,wechat,,False
2026-03-03 19:41:59,美团,达美乐比萨（海阳西路店）-美团App-26030311100300001304091676700535,25.5,wechat,Eating Out,True
2026-03-04 12:30:53,上海纽约大学,POS机扫微信二维码消费,18.0,wechat,Other,True
2026-03-04 12:31:30,上海纽约大学,POS机扫微信二维码消费,5.0,wechat,Other,True
2026-03-04 19:02:16,滴滴出行,特惠快车打车-刘师傅-02月22日行程,151.3,alipay,Transportation,True
2026-03-04 19:46:30,美团,HeyGuac饿梨酱（前滩店）-美团App-26030411100300001304229757437535,49.4,wechat,Eating Out,True
2026-03-05 12:41:58,美团,麦当劳＆麦咖啡（上海后滩SK大厦店）-美团App-26030511100300001304299687835535,35.1,wechat,Eating Out,True
2026-03-06 11:55:27,上海纽约大学,POS机扫微信二维码消费,5.0,wechat,Other,True
2026-03-06 11:58:41,上海纽约大学,POS机扫微信二维码消费,15.0,wechat,Other,True
2026-03-06 20:59:55,M.i,收款,12.7,alipay,Transfers & Gifts,True
2026-03-06 22:35:44,喝清喝理（上海）餐饮管理有限公司,现场票 x 2,536.0,wechat,Eating Out,True
2026-03-06 23:01:53,美团,肯德基炸鸡兄弟-韩式(昌里路店)-美团App-26030611100300001304528011624535,19.9,wechat,Eating Out,True
2026-03-06 23:15:29,喜士多,济明门市-pos1,10.5,wechat,Groceries,True
2026-03-07 01:11:26,滴滴出行,滴滴快车打车-梁师傅-03月07日行程,34.08,alipay,Transportation,True
2026-03-07 18:54:51,Evie,收款,10.5,alipay,Eating Out,True
2026-03-07 23:31:53,淘宝平台商户,/,23.0,wechat,Shopping,True
2026-03-08 00:27:56,大黄鹅,宝矿力水特500ml-51828020-518280201772900871761,7.0,wechat,Groceries,True
2026-03-08 16:41:53,美团,ALDI奥乐齐超市（漫乐城店）-美团App-26030811100300001304809724499535,31.3,wechat,Eating Out,True
2026-03-09 12:27:44,上海纽约大学,POS机扫微信二维码消费,29.9,wechat,Other,True
2026-03-09 18:07:46,上海纽约大学,POS机扫微信二维码消费,32.0,wechat,Other,True
2026-03-10 11:18:41,上海纽约大学,POS机扫微信二维码消费,5.0,wechat,Other,True
2026-03-10 19:22:34,淘宝闪购,赌上厨师职业生涯的炒饭锄禾蛋炒饭·炒面·炒粉(昌里店)外卖订单,17.3,alipay,Eating Out,True
2026-03-11 10:42:30,荟选集市后滩店,后滩店-M2403506000505022603110071322,11.0,wechat,Groceries,True
2026-03-11 12:19:16,上海纽约大学,POS机扫微信二维码消费,12.0,wechat,Other,True
2026-03-11 12:20:58,上海纽约大学,POS机扫微信二维码消费,11.0,wechat,Other,True
2026-03-11 19:27:37,美团,吉野家(上海前滩陆悦汇店)-美团App-26031111100300001305248591313535,25.0,wechat,Eating Out,True
2026-03-12 12:57:59,滴滴出行,特惠快车打车-孟师傅-03月12日行程,14.2,alipay,Transportation,True
2026-03-12 13:44:44,上海蕤盛工贸,上海蕤盛工贸有限公司-订单编号202603127741871616982419429,8.0,wechat,,False
2026-03-12 17:56:04,美团,味千拉面（金谊广场店）-美团App-26031211100300001305367104012535,27.2,wechat,Eating Out,True
2026-03-13 12:41:29,上海纽约大学,POS机扫微信二维码消费,25.0,wechat,Other,True
2026-03-13 16:40:16,美团,喜茶（上海晶耀前滩店）-美团App-26031311100300001305494211720535,16.51,alipay,Eating Out,True
2026-03-13 21:47:33,荟选集市后滩店,后滩店-M2403506000505022603130824828,80.41,wechat,Groceries,True
2026-03-13 21:47:46,荟选集市后滩店,后滩店-M2403506000505022603130825185,24.6,wechat,Groceries,True
2026-03-13 23:51:13,喜士多,济明门市-pos1,28.0,wechat,Groceries,True
2026-03-14 17:48:05,美团,美团订单-26031411100300001305679215902535,41.7,alipay,Eating Out,True
2026-03-14 22:26:23,上海饱猫餐饮管理有限公司,Meow豹喵咖啡酒吧订单,48.0,alipay,???,True
2026-03-15 01:06:05,全家,上海全家便利店,18.0,wechat,Groceries,True
2026-03-15 01:24:43,滴滴出行,滴滴快车打车-朱师傅-03月15日行程,16.0,alipay,Transportation,True
2026-03-15 11:55:05,卯时六点半,美团收银909700210420961664,15.84,wechat,,False
2026-03-15 12:15:24,荟选集市后滩店,后滩店-M2403506000505022603150220104,13.3,wechat,Groceries,True
2026-03-15 17:52:58,美团,Popeyes炸鸡·汉堡·奶昔(前滩公园巷店)-美团App-26031511100300001305855889491535,25.9,wechat,Eating Out,True
2026-03-16 12:18:20,上海纽约大学,POS机扫微信二维码消费,5.0,wechat,Other,True
2026-03-16 12:21:24,上海纽约大学,POS机扫微信二维码消费,15.0,wechat,Other,True
2026-03-16 20:52:53,美团,TACO BELL·芝士卷饼·塔可(海阳西路店)-美团App-26031611100300001306022894206535,29.0,wechat,Eating Out,True
2026-03-17 12:30:24,上海纽约大学,POS机扫微信二维码消费,22.0,wechat,Other,True
2026-03-17 12:31:16,上海纽约大学,POS机扫微信二维码消费,1.0,wechat,Other,True
2026-03-17 17:20:19,荟选集市后滩店,后滩店-M2403506000505022603170345662,30.73,wechat,Groceries,True
2026-03-18 12:17:39,上海纽约大学,POS机扫微信二维码消费,28.0,wechat,Other,True
2026-03-18 20:34:12,荟选集市后滩店,后滩店-M2403506000505022603180593550,8.0,wechat,Groceries,True
2026-03-19 12:32:38,昆仑唐府兰州牛肉面（后滩店）,默认商品,24.0,wechat,Eating Out,True
2026-03-19 21:14:17,荟选集市后滩店,后滩店-M2403506000505022603190833008,13.3,wechat,Groceries,True
2026-03-20 00:45:33,喜士多,济明门市-pos1,14.5,wechat,Groceries,True
2026-03-20 21:08:17,荟选集市后滩店,后滩店-M2403506000505022603200712340,16.0,wechat,Groceries,True
2026-03-20 22:42:14,上海申通地铁资产经营管理有限公司,后滩-静安寺,4.0,alipay,Transportation,True
2026-03-20 22:54:52,哈啰出行,哈啰单车骑行,1.5,alipay,Transportation,True
2026-03-20 23:18:01,沪浙7-ELEVEN,7-ELEVEn上海茂名消费,26.0,wechat,Groceries,True
2026-03-21 00:13:20,Habibi,美团收银909700210610790032,45.0,wechat,Eating Out,True
2026-03-21 02:40:14,全家,上海全家便利店,14.5,wechat,Groceries,True
2026-03-21 08:48:26,上海申通地铁资产经营管理有限公司,后滩-虹桥火车站,5.0,alipay,Transportation,True
2026-03-21 09:18:32,O. A. OCHIR,收钱码收款,12.2,alipay,Eating Out,True
2026-03-21 12:24:57,宁波市轨道交通集团有限公司线网调度分公司,宁波地铁-乘车(宁波火车站-学府路 2026-03-21 12:24:57),4.0,alipay,???,True
2026-03-21 13:44:26,宁波市鄞州首南芳霞饭店,一般商品,30.0,wechat,,False
2026-03-21 14:39:21,7-11浙江宁波,7-ELEVEn宁波诺丁汉大学消费,6.8,wechat,,False
2026-03-21 21:02:37,宁波市轨道交通集团有限公司线网调度分公司,宁波地铁-乘车(南部商务区-钱湖北路 2026-03-21 20:57:36),3.0,alipay,???,True
2026-03-21 23:11:32,Sydney Yuen,收钱码收款,100.0,alipay,Transfers & Gifts,True
2026-03-21 23:23:13,LAWSON,LAWSON宁波欧洲华商大厦店消费,9.9,wechat,Groceries,True
2026-03-21 23:55:32,LAWSON,LAWSON宁波欧洲华商大厦店消费,9.9,wechat,Groceries,True
2026-03-22 10:31:20,蜜雪冰城,蜜雪冰城933777店,5.0,wechat,,False
2026-03-22 13:00:10,美团,THREEFIVE·美式汉堡（鄞州万达店）-美团App-26032211100300001306837439250535,21.9,wechat,Eating Out,True
2026-03-22 14:02:59,LAWSON,LAWSON宁波欧洲华商大厦店消费,22.6,wechat,Groceries,True
2026-03-23 11:18:26,淘宝平台商户,/,27.9,wechat,Shopping,True
2026-03-23 12:29:37,上海纽约大学,POS机扫微信二维码消费,5.0,wechat,Other,True
2026-03-23 12:59:02,上海蕤盛工贸,上海蕤盛工贸有限公司-订单编号202603238061991616982419429,7.0,wechat,,False
2026-03-23 17:58:47,美团,麦当劳＆麦咖啡（上海前滩31乐荟店）-美团App-26032311100300001307033397908535,37.9,wechat,Eating Out,True
2026-03-24 11:55:19,美团,棒约翰比萨·意面(前滩店)-美团App-26032411100300001307120905640535,29.0,wechat,Eating Out,True
2026-03-24 13:27:59,喜士多,济明门市-pos1,7.8,wechat,Groceries,True
2026-03-24 18:58:33,上海蕤盛工贸,上海蕤盛工贸有限公司-订单编号202603242517181616982419429,6.0,wechat,,False
2026-03-24 20:09:01,喜士多,高青西门市-pos1,5.0,wechat,Groceries,True
2026-03-24 22:40:49,喜士多,济明门市-pos1,8.8,wechat,Groceries,True
2026-03-25 17:09:30,上海纽约大学,POS机扫微信二维码消费,28.0,wechat,Other,True
2026-03-26 00:30:12,滴滴出行,特惠快车打车-赵师傅-03月26日行程,31.3,alipay,Transportation,True
2026-03-26 01:04:53,美团,【茶百道（福州路店）】超级杯水果茶(1L装)等3件商品-美团微信小程序-26032611100300001307359928181535,61.0,wechat,Eating Out,True
2026-03-26 09:18:40,哈啰出行,哈啰单车骑行,1.5,alipay,Transportation,True
2026-03-26 09:19:36,全家,上海全家便利店,14.6,wechat,Groceries,True
2026-03-26 09:25:25,哈啰出行,哈啰单车骑行,1.5,alipay,Transportation,True
2026-03-26 10:17:46,滴滴出行,特惠快车打车-汪师傅-03月26日行程,15.7,alipay,Transportation,True
2026-03-26 15:36:51,滴滴出行,滴滴快车打车-郑师傅-03月26日行程,17.1,alipay,Transportation,True
2026-03-26 16:10:37,滴滴出行,特惠快车打车-向师傅-03月26日行程,26.2,alipay,Transportation,True
2026-03-26 22:19:25,美团,肯德基炸鸡兄弟-韩式(昌里路店)-美团App-26032611100300001307488298171535,21.9,wechat,Eating Out,True
2026-03-27 13:06:46,上海蕤盛工贸,上海蕤盛工贸有限公司-订单编号202603273197131616982419524,6.0,wechat,,False
2026-03-27 18:10:04,马永胜牛肉面,美团/大众点评点餐订单-03274719807235852125839,27.0,wechat,,False
2026-03-27 19:29:18,喜士多,高青西门市-pos1,5.8,wechat,Groceries,True
2026-03-27 20:04:37,拼多多平台商户,商户单号XP2226032720100891499599002016,19.84,wechat,Shopping,True
2026-03-27 20:33:21,Evie,收钱码收款,20.0,alipay,Eating Out,True
2026-03-27 23:00:57,喜士多,济明门市-pos1,16.8,wechat,Groceries,True
2026-03-28 04:07:29,滴滴出行,特惠快车打车-鲍师傅-03月28日行程,25.0,alipay,Transportation,True
2026-03-28 13:16:01,汉堡王(上海地产城方耀华),BK31693门店_ATOM_SOK,42.0,alipay,Eating Out,True
2026-03-28 14:54:41,上海申通地铁资产经营管理有限公司,后滩-武定路,4.0,alipay,Transportation,True
2026-03-28 16:52:05,哈啰出行,哈啰单车骑行,1.5,alipay,Transportation,True
2026-03-28 17:59:49,广州大头贴,商户李彦磊,15.9,wechat,,False
2026-03-28 19:07:30,上海申通地铁资产经营管理有限公司,中山公园-后滩,4.0,alipay,Transportation,True
2026-03-28 22:22:39,荟选集市后滩店,后滩店-M2403506000505022603280965264,7.8,wechat,Groceries,True
2026-03-29 02:32:27,Steve,收款方备注:二维码收款,10.0,wechat,Transfers & Gifts,True
2026-03-29 12:58:19,喜士多,高青西门市-pos1,17.4,wechat,Groceries,True
2026-03-29 17:05:32,美团,Popeyes炸鸡·汉堡·奶昔(前滩公园巷店)-美团App-26032911100300001307934525120535,24.3,wechat,Eating Out,True
2026-03-29 19:32:58,urnma,收钱码收款,5.0,alipay,Transfers & Gifts,True
2026-03-30 12:30:20,上海纽约大学,POS机扫微信二维码消费,10.0,wechat,Other,True
2026-03-30 16:27:40,Sydney Yuen,收钱码收款,140.0,alipay,Transfers & Gifts,True
2026-03-30 19:48:04,Evie,收钱码收款,50.0,alipay,Eating Out,True
2026-03-30 20:14:08,名创优品,名创优品上海市百联世博源店-消费,9.9,wechat,Shopping,True
2026-03-31 12:35:43,卯时六点半,美团收银909700210953808257,15.84,wechat,,False
2026-03-31 12:50:01,荟选集市后滩店,后滩店-M2403506000505022603310284160,10.0,wechat,Groceries,True
2026-03-31 17:12:27,上海纽约大学,POS机扫微信二维码消费,28.0,wechat,Other,True
2026-04-01 17:04:50,美团,棒约翰比萨·意面(前滩店)-美团App-26040111100300001308359702435535,33.0,wechat,Eating Out,True
2026-04-01 19:03:26,B. E. DULGUUN,收钱码收款,400.0,alipay,Transfers & Gifts,True
2026-04-01 20:08:02,淘宝平台商户,/,27.6,wechat,Shopping,True
2026-04-01 21:16:30,荟选集市后滩店,后滩店-M2403506000505022604010851771,22.7,wechat,Groceries,True
2026-04-02 02:02:47,淘宝平台商户,/,13.9,wechat,Shopping,True
2026-04-02 12:28:46,美团,Popeyes炸鸡·汉堡·奶昔(前滩公园巷店)-美团App-26040211100300001308464572555535,67.6,wechat,Eating Out,True
2026-04-03 01:15:30,喜士多,济明门市-pos1,6.5,wechat,Groceries,True
2026-04-03 12:02:44,上海纽约大学,POS机扫微信二维码消费,25.0,wechat,Other,True
2026-04-03 12:19:16,上海蕤盛工贸,上海蕤盛工贸有限公司-订单编号202604039901811616982419429,3.0,wechat,,False
2026-04-03 17:21:53,美团,故乡妈妈·朝鲜族汤饭（浦东陆悦汇店）-美团App-26040311100300001308656077027535,23.9,wechat,Eating Out,True
2026-04-03 18:26:38,昆仑唐府兰州牛肉面（后滩店）,默认商品,16.0,wechat,Eating Out,True
2026-04-03 21:26:11,喜士多,济明门市-pos1,15.5,wechat,Groceries,True
2026-04-04 01:22:46,滴滴出行,滴滴快车打车-耿师傅-04月04日行程,16.0,alipay,Transportation,True
2026-04-04 03:12:03,上海饱猫餐饮管理有限公司,Meow豹喵咖啡酒吧订单,168.0,alipay,???,True
2026-04-04 10:03:21,荟选集市后滩店,后滩店-M2403506000505022604040051026,13.3,wechat,Groceries,True
2026-04-04 11:33:37,上海申通地铁资产经营管理有限公司,后滩-浦东1号2号航站楼,7.0,alipay,Transportation,True
2026-04-04 11:46:05,上海香雪海国际贸易有限公司,上海香雪海国际贸易有限公司,9.8,wechat,,False
2026-04-04 12:25:50,上海英和企业管理有限公司,上海英和企业管理有限公司,58.0,wechat,,False
2026-04-04 13:00:19,霸王茶姬,CHAGEE霸王茶姬（上海浦东机场S2卫星厅国际出发禁区店）,22.0,wechat,,False
2026-04-12 19:57:06,浦东机场,浦东机场,53.0,alipay,Travel,True
2026-04-12 21:45:16,上海申通地铁资产经营管理有限公司,浦东1号2号航站楼-后滩,7.0,alipay,Transportation,True
2026-04-13 12:36:14,上海纽约大学,POS机扫微信二维码消费,25.0,wechat,Other,True
2026-04-13 16:52:47,上海蕤盛工贸,上海蕤盛工贸有限公司-订单编号202604130825151616982419429,7.0,wechat,,False
2026-04-13 17:08:27,上海纽约大学,POS机扫微信二维码消费,35.0,wechat,Other,True
2026-04-14 12:29:50,卯时六点半,美团收银909700211440022768,17.6,wechat,,False
2026-04-14 12:54:53,荟选集市后滩店,后滩店-M2403506000505022604140213583,31.8,wechat,Groceries,True
2026-04-14 17:43:00,美团,Popeyes炸鸡·汉堡·奶昔(前滩公园巷店)-美团App-26041411100300001300378818411535,24.9,wechat,Eating Out,True
2026-04-15 11:12:39,上海蕤盛工贸,上海蕤盛工贸有限公司-订单编号202604159556271616982419476,3.0,wechat,,False
2026-04-15 12:35:06,上海纽约大学,POS机扫微信二维码消费,25.0,wechat,Other,True
2026-04-15 20:44:16,上海蕤盛工贸,上海蕤盛工贸有限公司-订单编号202604156996651616982419429,3.0,wechat,,False
2026-04-16 09:47:17,滴滴出行,滴滴快车打车-汪师傅-04月16日行程,17.93,alipay,Transportation,True
2026-04-16 11:20:25,美团,达美乐比萨（海阳西路店）-美团App-26041611100300001300604598566535,29.0,wechat,Eating Out,True
2026-04-16 19:36:36,上海蕤盛工贸,上海蕤盛工贸有限公司-订单编号202604161908191669785520422,7.0,wechat,,False
2026-04-16 20:05:28,淘宝闪购,超级吃货卡,0.1,alipay,Eating Out,True
2026-04-16 20:05:28,淘宝闪购,赌上厨师职业生涯的炒饭锄禾蛋炒饭·炒面·炒粉昌里店外卖订单,17.0,alipay,Eating Out,True
2026-04-16 20:13:54,Evie,收钱码收款,9.0,alipay,Eating Out,True
2026-04-17 12:33:19,滴滴出行,滴滴快车打车-曾师傅-04月17日行程,14.5,alipay,Transportation,True
2026-04-17 13:04:17,上海纽约大学,POS机扫微信二维码消费,12.0,wechat,Other,True
2026-04-17 15:54:28,上海蕤盛工贸,上海蕤盛工贸有限公司-订单编号202604172603141616982419429,7.0,wechat,,False
2026-04-18 07:43:02,喜士多,济明门市-pos1,11.9,wechat,Groceries,True
2026-04-18 13:26:11,美团,麦当劳＆麦咖啡（上海浦东森宏广场店）-美团App-26041811100300001300940547213535,24.6,wechat,Eating Out,True
2026-04-19 11:00:35,全家,上海全家便利店,23.8,wechat,Groceries,True
2026-04-20 12:30:27,上海纽约大学,POS机扫微信二维码消费,5.0,wechat,Other,True
2026-04-21 09:54:40,滴滴出行,特惠快车打车-韩师傅-04月21日行程,16.5,alipay,Transportation,True
2026-04-21 15:23:11,Sydney Yuen,收钱码收款,9.87,alipay,Transfers & Gifts,True
2026-04-21 17:44:19,美团,PizzaStreet意式窑炉披萨·意面（三林店）-美团App-26042111100300001301454148881535,21.9,wechat,Eating Out,True
2026-04-22 12:33:53,上海纽约大学,POS机扫微信二维码消费,5.0,wechat,Other,True
2026-04-23 12:29:04,美团,美团订单-26042311100300001301692864639535,28.52,wechat,Eating Out,True
2026-04-23 13:08:39,卯时六点半,美团收银909700211744102764,17.6,wechat,,False
2026-04-23 14:21:09,得物-得到美好事物,商品交易,679.0,alipay,Shopping,True
2026-04-23 21:41:21,荟选集市后滩店,M2403506000505022604230822068-后滩店,23.5,wechat,Groceries,True
2026-04-24 02:29:50,好德,订单:30004052297426,6.2,wechat,,False
2026-04-24 03:12:49,滴滴出行,特惠快车打车-李师傅-04月24日行程,28.2,alipay,Transportation,True
2026-04-24 13:36:46,荟选集市后滩店,M2403506000505022604240310407-后滩店,7.8,wechat,Groceries,True
2026-04-24 16:39:07,得物-得到美好事物,商品交易,137.0,alipay,Shopping,True
2026-04-24 20:19:53,荟选集市后滩店,M2403506000505022604240803631-后滩店,16.0,wechat,Groceries,True
2026-04-25 10:29:42,上海申通地铁资产经营管理有限公司,后滩-花木路,4.0,alipay,Transportation,True
2026-04-25 12:48:00,上海申通地铁资产经营管理有限公司,花木路-后滩,4.0,alipay,Transportation,True
2026-04-25 17:37:15,floating kitchen,熟成咖喱,58.0,wechat,???,True
2026-04-25 18:29:15,麦当劳,上海金拱门食品有限公司,13.9,wechat,Eating Out,True
2026-04-25 19:40:31,高德打车,Amap ride-hailing orders,10.48,alipay,Transportation,True
2026-04-26 11:52:14,上海纽约大学,POS机扫微信二维码消费,5.0,wechat,Other,True
2026-04-26 12:19:27,上海蕤盛工贸,上海蕤盛工贸有限公司-订单编号202604266185961616982419429,7.0,wechat,,False
2026-04-26 14:36:48,滴滴出行,特惠快车打车-陈师傅-04月26日行程,14.2,alipay,Transportation,True
2026-04-26 16:41:00,上海蕤盛工贸,上海蕤盛工贸有限公司-订单编号202604264324361616982419429,7.0,wechat,,False
2026-04-26 17:49:46,美团,TACO BELL·芝士卷饼·塔可(海阳西路店)-美团App-26042611100300001302231338120535,36.1,wechat,Eating Out,True
2026-04-27 12:20:03,上海纽约大学,POS机扫微信二维码消费,5.0,wechat,Other,True
2026-04-28 11:51:39,荟选集市后滩店,M2403506000505022604280192436-后滩店,27.4,wechat,Groceries,True
2026-04-28 11:54:01,昆仑唐府兰州牛肉面（后滩店）,默认商品,18.0,wechat,Eating Out,True
2026-04-28 14:01:38,上海蕤盛工贸,上海蕤盛工贸有限公司-订单编号202604280121261616982419429,5.0,wechat,,False
2026-04-28 19:08:03,Margad,收款,10.0,alipay,Transfers & Gifts,True
2026-04-29 12:37:54,上海纽约大学,POS机扫微信二维码消费,5.0,wechat,Other,True
2026-04-29 22:35:43,聆动电子科技,卫生巾x1片,2.5,wechat,,False
2026-04-30 18:36:36,沪浙7-ELEVEN,7-ELEVEn上海信德REDEMPTION,6.5,wechat,Groceries,True
2026-04-30 21:42:55,美团,Popeyes炸鸡·汉堡·奶昔(前滩公园巷店)-美团App-26043011100300001302896636611535,28.3,wechat,Eating Out,True
2026-04-30 22:30:21,喜士多,济明门市-pos1,16.8,wechat,Groceries,True
2026-05-01 02:23:20,全家,上海全家便利店,14.5,wechat,Groceries,True
2026-05-01 03:12:12,滴滴出行,滴滴快车打车-蔡师傅-05月01日行程,18.35,alipay,Transportation,True
2026-05-01 06:25:17,上海申通地铁资产经营管理有限公司,一大会址·黄陂南路-后滩,4.0,alipay,Transportation,True
2026-05-01 18:30:55,荟选集市后滩店,M2403506000505022605010687761-后滩店,19.8,wechat,Groceries,True
2026-05-01 19:32:47,Evie,收钱码收款,10.4,alipay,Eating Out,True
2026-05-02 08:05:13,喜士多,济明门市-pos1,11.9,wechat,Groceries,True
2026-05-02 08:55:49,上海申通地铁资产经营管理有限公司,后滩-曲阜路,4.0,alipay,Transportation,True
2026-05-02 10:58:40,LA BARAKA UV,美团收银909700212081671563,25.2,wechat,???,True
2026-05-02 11:55:04,奥乐齐商业（�,奥乐齐商业（上海）,20.1,wechat,Groceries,True
2026-05-02 12:13:22,全家,上海全家便利店,6.5,wechat,Groceries,True
2026-05-02 12:53:29,上海申通地铁资产经营管理有限公司,曲阜路-后滩,4.0,alipay,Transportation,True
2026-05-03 00:07:18,喜士多,济明门市-pos1,9.9,wechat,Groceries,True
2026-05-03 16:44:58,淘宝平台商户,/,128.81,wechat,Shopping,True
2026-05-03 20:18:55,喜士多,济明门市-pos1,17.5,wechat,Groceries,True
2026-05-04 13:05:43,荟选集市后滩店,M2403506000505022605040294124-后滩店,7.8,wechat,Groceries,True
2026-05-04 13:07:35,卯时六点半,美团收银909700212171707762,17.6,wechat,,False
2026-05-05 07:53:52,上海纽约大学,POS机扫微信二维码消费,5.0,wechat,Other,True
2026-05-05 07:56:44,上海纽约大学,POS机扫微信二维码消费,8.0,wechat,Other,True
2026-05-05 17:34:34,拼多多,商户单号XP2426050517100526723323002371,21.7,wechat,Shopping,True
2026-05-06 12:34:26,上海纽约大学,POS机扫微信二维码消费,25.0,wechat,Other,True
2026-05-06 21:33:04,美团,Popeyes炸鸡·汉堡·奶昔(前滩公园巷店)-美团App-26050611100300001303923789326535,25.3,wechat,Eating Out,True
2026-05-06 23:43:48,大象智贩,PET百事可乐佳得乐蓝莓味600ml;,7.0,wechat,,False
2026-05-07 15:55:41,美团,HeyGuac饿梨酱（前滩店）-美团App-26050711100300001304003953562535,36.71,wechat,Eating Out,True
2026-05-08 19:50:23,荟选集市后滩店,M2403506000505022605080808716-后滩店,6.46,wechat,Groceries,True
2026-05-08 21:32:58,荟选集市后滩店,M2403506000505022605080952472-后滩店,11.8,wechat,Groceries,True
2026-05-09 22:44:11,滴滴出行,滴滴快车打车-谭师傅-05月09日行程,16.0,alipay,Transportation,True
2026-05-10 11:38:20,鹈鹕镇大王,收钱码收款,30.0,alipay,Eating Out,True
2026-05-10 20:13:44,淘宝闪购,华莱士·全鸡汉堡(杨南店)外卖订单,13.9,alipay,Eating Out,True
2026-05-10 22:02:50,喜士多,高青西门市-pos1,24.7,wechat,Groceries,True
2026-05-10 23:51:49,ao**店,奥尼捷软水壶跑步户外便携水袋运动专用水壶可折叠马拉松越野水杯,44.1,alipay,???,True
2026-05-10 23:54:06,ws**1,GU Hydration Tablets 电解质泡腾片 跑步 骑行 徒步用 2条包邮,73.0,alipay,???,True
2026-05-11 07:44:10,上海纽约大学,POS机扫微信二维码消费,13.0,wechat,Other,True
2026-05-11 07:44:22,上海纽约大学,POS机扫微信二维码消费,17.0,wechat,Other,True
2026-05-11 11:01:50,全家,上海全家便利店,6.8,wechat,Groceries,True
2026-05-11 13:43:51,哈啰出行,哈啰单车骑行,1.5,alipay,Transportation,True
2026-05-11 21:58:16,哈啰出行,哈啰单车骑行,2.5,alipay,Transportation,True
2026-05-11 21:59:36,高青西门市,高青西门市-pos1,8.5,alipay,Groceries,True
2026-05-11 22:16:42,淘宝闪购,棒约翰比萨·意面三林未来城店外卖订单,35.3,alipay,Eating Out,True
2026-05-11 22:16:42,淘宝闪购,超级吃货卡,0.1,alipay,Eating Out,True
2026-05-12 07:44:34,上海纽约大学,POS机扫支付宝二维码消费,5.0,alipay,Other,True
2026-05-12 07:46:24,上海纽约大学,POS机扫支付宝二维码消费,10.0,alipay,Other,True
2026-05-12 13:06:09,麦当劳,上海金拱门食品有限公司,14.9,wechat,Eating Out,True
2026-05-12 21:47:08,美团,HYADAS象牙塔·三明治俱乐部（前滩源店）-美团App-26051211100300001304814217722535,20.0,alipay,Eating Out,True
2026-05-13 00:40:47,上海蕤盛工贸,上海蕤盛工贸有限公司-订单编号202605138886541669785520422,3.0,wechat,,False
2026-05-13 07:35:14,上海纽约大学,POS机扫微信二维码消费,15.0,wechat,Other,True
2026-05-13 13:12:27,哈啰出行,哈啰单车骑行,1.5,alipay,Transportation,True
2026-05-13 19:01:02,滴滴出行,特惠快车打车-常师傅-05月13日行程,26.2,alipay,Transportation,True
2026-05-13 20:45:22,上海申通地铁资产经营管理有限公司,一大会址·黄陂南路-人民广场,3.0,alipay,Transportation,True
2026-05-13 21:02:44,萨莉亚南京东路四店,上海萨莉亚餐饮有限公司扫码收款,14.0,wechat,Eating Out,True
2026-05-13 21:06:50,萨莉亚南京东路四店,上海萨莉亚餐饮有限公司扫码收款,37.0,wechat,Eating Out,True
2026-05-13 22:47:43,上海申通地铁资产经营管理有限公司,南京东路-后滩,4.0,alipay,Transportation,True
2026-05-13 22:48:53,喜士多,济明门市-pos1,35.5,wechat,Groceries,True
2026-05-14 19:58:45,美团,肯德基炸鸡兄弟-韩式(昌里路店)-美团App-26051411100300001305084850390535,21.9,wechat,Eating Out,True
2026-05-15 02:40:07,上海饱猫餐饮管理有限公司,Meow豹喵咖啡酒吧订单,48.0,wechat,???,True
2026-05-15 03:09:46,中石化上海,中石化易捷便利店消费,18.8,wechat,,False
2026-05-15 17:04:31,橘柚梧桐,收款方备注:二维码收款,382.5,wechat,,False
2026-05-15 17:23:32,橘柚梧桐,收款方备注:二维码收款,254.0,wechat,,False
2026-05-15 17:55:20,上海蕤盛工贸,上海蕤盛工贸有限公司-订单编号202605158644971616982419524,3.0,wechat,,False
2026-05-15 23:12:50,上海芸译餐饮有限公司,KOGJingan克比印度餐厅静安店,88.0,wechat,Eating Out,True
2026-05-15 23:50:37,滴滴出行,特惠快车打车-周师傅-05月15日行程,36.2,alipay,Transportation,True
2026-05-16 04:06:34,高德打车,Amap ride-hailing orders,98.6,alipay,Transportation,True
2026-05-16 05:01:31,滴滴出行,特惠快车打车-唐师傅-05月16日行程,127.6,alipay,Transportation,True
2026-05-16 05:12:16,春秋航空,行李收费,300.0,wechat,Travel,True
2026-05-16 06:22:19,叶浦都餐饮管理（上海）有限公司,08121点餐,130.0,wechat,Eating Out,True
